dt,E2-TH-1-D-01-TEMP,E2-TH-1-D-02-TEMP,E2-TH-1-D-03-TEMP
2026-02-14 00:00:01.001000+07:00,29.1,30.1,
2026-02-14 00:05:01.001000+07:00,29.4,,
2026-02-14 00:10:01.001000+07:00,29.1,,
2026-02-14 00:15:01.001000+07:00,29.4,,
2026-02-14 00:20:01.001000+07:00,29.3,,
2026-02-14 00:25:01.001000+07:00,29.1,,
2026-02-14 00:30:01.001000+07:00,29.1,,
2026-02-14 00:35:02.001000+07:00,29.4,,
2026-02-14 00:40:01.001000+07:00,29.5,,
2026-02-14 00:45:01.001000+07:00,29.5,,
2026-02-14 00:50:01.001000+07:00,29.1,,
2026-02-14 00:55:01.001000+07:00,29.3,,
2026-02-14 01:00:01.001000+07:00,29.1,,
2026-02-14 01:05:01.001000+07:00,29.3,,
2026-02-14 01:10:01.001000+07:00,29.2,,
2026-02-14 01:15:01.001000+07:00,29.5,,
2026-02-14 01:20:01.001000+07:00,29.1,,
2026-02-14 01:25:01.001000+07:00,29.2,,
2026-02-14 01:30:01.001000+07:00,29.2,,
2026-02-14 01:35:01.001000+07:00,29.3,,
2026-02-14 01:40:01.001000+07:00,29.1,,
2026-02-14 01:45:01.001000+07:00,29.1,,
2026-02-14 01:50:01.001000+07:00,29.1,,
2026-02-14 01:55:01.001000+07:00,29.3,,
2026-02-14 02:00:01.001000+07:00,29.4,,
2026-02-14 02:05:01.001000+07:00,29.1,,
2026-02-14 02:10:01.001000+07:00,29.1,,
2026-02-14 02:15:02.001000+07:00,29.0,,
2026-02-14 02:20:01.001000+07:00,29.0,,
2026-02-14 02:25:01.001000+07:00,29.3,,
2026-02-14 02:30:01.001000+07:00,29.2,,
2026-02-14 02:35:01.001000+07:00,29.2,,
2026-02-14 02:40:01.001000+07:00,29.1,,
2026-02-14 02:45:01.001000+07:00,29.3,,
2026-02-14 02:50:01.001000+07:00,29.3,,
2026-02-14 02:55:01.001000+07:00,29.1,,
2026-02-14 03:00:01.001000+07:00,28.9,,
2026-02-14 03:05:01.001000+07:00,29.0,,
2026-02-14 03:10:01.001000+07:00,29.0,,
2026-02-14 03:15:01.001000+07:00,29.0,,
2026-02-14 03:20:01.001000+07:00,29.2,,
2026-02-14 03:25:01.001000+07:00,29.0,,
2026-02-14 03:30:01.001000+07:00,28.9,,
2026-02-14 03:35:01.001000+07:00,29.0,,
2026-02-14 03:40:01.001000+07:00,28.8,,
2026-02-14 03:45:01.001000+07:00,28.8,,
2026-02-14 03:50:01.001000+07:00,29.0,,
2026-02-14 03:55:01.001000+07:00,28.9,,
2026-02-14 04:00:01.001000+07:00,28.9,,
2026-02-14 04:05:01.001000+07:00,28.9,,
2026-02-14 04:10:01.001000+07:00,29.1,,
2026-02-14 04:15:01.001000+07:00,29.1,,
2026-02-14 04:20:01.001000+07:00,29.1,,
2026-02-14 04:25:02.001000+07:00,29.2,,
2026-02-14 04:30:01.001000+07:00,29.1,,
2026-02-14 04:35:01.001000+07:00,29.1,,
2026-02-14 04:40:01.001000+07:00,28.9,,
2026-02-14 04:45:01.001000+07:00,29.1,,
2026-02-14 04:50:01.001000+07:00,29.2,,
2026-02-14 04:55:01.001000+07:00,28.9,,
2026-02-14 05:00:01.001000+07:00,29.1,,
2026-02-14 05:05:01.001000+07:00,29.2,,
2026-02-14 05:10:01.001000+07:00,29.2,,
2026-02-14 05:15:01.001000+07:00,29.0,,
2026-02-14 05:20:01.001000+07:00,29.2,,
2026-02-14 05:25:01.001000+07:00,29.1,,
2026-02-14 05:30:02.001000+07:00,28.9,,
2026-02-14 05:35:01.001000+07:00,29.3,,
2026-02-14 05:40:01.001000+07:00,29.0,,
2026-02-14 05:45:01.001000+07:00,28.9,,
2026-02-14 05:50:01.001000+07:00,29.1,,
2026-02-14 05:55:01.001000+07:00,28.9,,
2026-02-14 06:00:02.001000+07:00,28.8,,
2026-02-14 06:05:01.001000+07:00,29.2,,
2026-02-14 06:10:01.001000+07:00,29.1,,
2026-02-14 06:15:01.001000+07:00,28.8,,
2026-02-14 06:20:01.001000+07:00,29.0,,
2026-02-14 06:25:01.001000+07:00,29.2,,
2026-02-14 06:30:01.001000+07:00,29.0,,
2026-02-14 06:35:01.001000+07:00,29.1,,
2026-02-14 06:40:01.001000+07:00,29.1,,
2026-02-14 06:45:01.001000+07:00,29.1,,
2026-02-14 06:50:01.001000+07:00,29.2,,
2026-02-14 06:55:01.001000+07:00,28.9,,
2026-02-14 07:00:02.001000+07:00,29.2,,
2026-02-14 07:05:01.001000+07:00,28.9,,
2026-02-14 07:10:01.001000+07:00,29.0,,
2026-02-14 07:15:01.001000+07:00,29.1,,
2026-02-14 07:20:01.001000+07:00,28.8,,
2026-02-14 07:25:01.001000+07:00,29.0,,
2026-02-14 07:30:01.001000+07:00,28.9,,
2026-02-14 07:35:01.001000+07:00,29.0,,
2026-02-14 07:40:01.001000+07:00,28.9,,
2026-02-14 07:45:01.001000+07:00,28.7,,
2026-02-14 07:50:02.001000+07:00,28.9,,
2026-02-14 07:55:01.001000+07:00,29.1,,
2026-02-14 08:00:01.001000+07:00,29.0,,
2026-02-14 08:05:01.001000+07:00,29.1,,
2026-02-14 08:10:01.001000+07:00,28.9,,
2026-02-14 08:15:01.001000+07:00,29.0,,
2026-02-14 08:20:01.001000+07:00,29.1,,
2026-02-14 08:25:01.001000+07:00,29.2,,
2026-02-14 08:30:01.001000+07:00,29.2,,
2026-02-14 08:35:01.001000+07:00,29.2,,
2026-02-14 08:40:01.001000+07:00,28.9,,
2026-02-14 08:45:01.001000+07:00,28.9,,
2026-02-14 08:50:01.001000+07:00,29.0,,
2026-02-14 08:55:01.001000+07:00,29.2,,
2026-02-14 09:00:02.001000+07:00,29.2,,
2026-02-14 09:05:01.001000+07:00,28.9,,
2026-02-14 09:10:01.001000+07:00,29.2,,
2026-02-14 09:15:02.001000+07:00,29.1,,
2026-02-14 09:20:01.001000+07:00,29.3,,
2026-02-14 09:25:01.001000+07:00,29.0,,
2026-02-14 09:30:01.001000+07:00,29.2,,
2026-02-14 09:35:01.001000+07:00,29.0,,
2026-02-14 09:40:01.001000+07:00,29.4,,
2026-02-14 09:45:01.001000+07:00,29.1,,
2026-02-14 09:50:01.001000+07:00,29.2,,
2026-02-14 09:55:01.001000+07:00,29.3,,
2026-02-14 10:00:02.001000+07:00,29.6,,
2026-02-14 10:05:01.001000+07:00,29.3,,
2026-02-14 10:10:01.001000+07:00,29.5,,
2026-02-14 10:15:01.001000+07:00,29.6,,
2026-02-14 10:20:01.001000+07:00,29.6,,
2026-02-14 10:25:01.001000+07:00,29.6,,
2026-02-14 10:30:01.001000+07:00,29.5,,
2026-02-14 10:35:01.001000+07:00,29.5,,
2026-02-14 10:40:01.001000+07:00,29.6,,
2026-02-14 10:45:01.001000+07:00,29.5,,
2026-02-14 10:50:02.001000+07:00,29.4,,
2026-02-14 10:55:01.001000+07:00,29.7,,
2026-02-14 11:00:01.001000+07:00,29.8,,
2026-02-14 11:05:01.001000+07:00,29.5,,
2026-02-14 11:10:01.001000+07:00,29.5,,
2026-02-14 11:15:01.001000+07:00,29.5,,
2026-02-14 11:20:01.001000+07:00,29.6,,
2026-02-14 11:25:01.001000+07:00,29.6,,
2026-02-14 11:30:02.001000+07:00,29.7,,
2026-02-14 11:35:01.001000+07:00,29.7,,
2026-02-14 11:40:01.001000+07:00,29.9,,
2026-02-14 11:45:01.001000+07:00,29.9,,
2026-02-14 11:50:01.001000+07:00,29.9,,
2026-02-14 11:55:01.001000+07:00,29.9,,
2026-02-14 12:00:02.001000+07:00,29.8,,
2026-02-14 12:05:01.001000+07:00,29.6,,
2026-02-14 12:10:01.001000+07:00,29.7,,
2026-02-14 12:15:01.001000+07:00,29.5,,
2026-02-14 12:20:01.001000+07:00,29.8,,
2026-02-14 12:25:01.001000+07:00,29.8,,
2026-02-14 12:30:01.001000+07:00,29.5,,
2026-02-14 12:35:01.001000+07:00,29.5,,
2026-02-14 12:40:01.001000+07:00,29.7,,
2026-02-14 12:45:01.001000+07:00,29.6,,
2026-02-14 12:50:01.001000+07:00,29.5,,
2026-02-14 12:55:01.001000+07:00,29.5,,
2026-02-14 13:00:01.001000+07:00,29.8,,
2026-02-14 13:05:01.001000+07:00,29.5,,
2026-02-14 13:10:01.001000+07:00,29.6,,
2026-02-14 13:15:01.001000+07:00,29.8,,
2026-02-14 13:20:01.001000+07:00,29.8,,
2026-02-14 13:25:01.001000+07:00,29.5,,
2026-02-14 13:30:01.001000+07:00,29.5,,
2026-02-14 13:35:01.001000+07:00,29.5,,
2026-02-14 13:40:01.001000+07:00,29.7,,
2026-02-14 13:45:01.001000+07:00,29.8,,
2026-02-14 13:50:01.001000+07:00,29.9,,
2026-02-14 13:55:01.001000+07:00,29.6,,
2026-02-14 14:00:01.001000+07:00,29.8,,
2026-02-14 14:05:01.001000+07:00,30.0,,
2026-02-14 14:10:01.001000+07:00,29.7,,
2026-02-14 14:15:01.001000+07:00,29.9,,
2026-02-14 14:20:01.001000+07:00,29.9,,
2026-02-14 14:25:01.001000+07:00,30.0,,
2026-02-14 14:30:01.001000+07:00,29.9,,
2026-02-14 14:35:01.001000+07:00,29.9,,
2026-02-14 14:40:01.001000+07:00,29.8,,
2026-02-14 14:45:01.001000+07:00,30.1,,
2026-02-14 14:50:02.001000+07:00,29.8,,
2026-02-14 14:55:01.001000+07:00,30.2,,
2026-02-14 15:00:01.001000+07:00,30.1,,
2026-02-14 15:05:01.001000+07:00,29.9,,
2026-02-14 15:10:01.001000+07:00,29.8,,
2026-02-14 15:15:01.001000+07:00,29.9,,
2026-02-14 15:20:01.001000+07:00,30.2,,
2026-02-14 15:25:01.001000+07:00,30.1,,
2026-02-14 15:30:02.001000+07:00,30.0,,
2026-02-14 15:35:01.001000+07:00,30.0,,
2026-02-14 15:40:01.001000+07:00,29.9,,
2026-02-14 15:45:01.001000+07:00,29.8,,
2026-02-14 15:50:01.001000+07:00,29.9,,
2026-02-14 15:55:01.001000+07:00,29.9,,
2026-02-14 16:00:02.001000+07:00,30.1,,
2026-02-14 16:05:01.001000+07:00,29.9,,
2026-02-14 16:10:01.001000+07:00,30.0,,
2026-02-14 16:15:01.001000+07:00,30.2,,
2026-02-14 16:20:01.001000+07:00,29.9,,
2026-02-14 16:25:01.001000+07:00,30.1,,
2026-02-14 16:30:01.001000+07:00,30.0,,
2026-02-14 16:35:01.001000+07:00,29.8,,
2026-02-14 16:40:01.001000+07:00,30.1,,
2026-02-14 16:45:01.001000+07:00,30.0,,
2026-02-14 16:50:01.001000+07:00,29.7,,
2026-02-14 16:55:01.001000+07:00,29.7,,
2026-02-14 17:00:01.001000+07:00,30.1,,
2026-02-14 17:05:01.001000+07:00,30.0,,
2026-02-14 17:10:01.001000+07:00,30.0,,
2026-02-14 17:15:01.001000+07:00,29.7,,
2026-02-14 17:20:01.001000+07:00,29.7,,
2026-02-14 17:25:01.001000+07:00,29.8,,
2026-02-14 17:30:01.001000+07:00,29.7,,
2026-02-14 17:35:02.001000+07:00,30.0,,
2026-02-14 17:40:01.001000+07:00,29.7,,
2026-02-14 17:45:01.001000+07:00,29.9,,
2026-02-14 17:50:01.001000+07:00,29.7,,
2026-02-14 17:55:01.001000+07:00,30.0,,
2026-02-14 18:00:02.001000+07:00,30.0,,
2026-02-14 18:05:01.001000+07:00,29.9,,
2026-02-14 18:10:01.001000+07:00,29.7,,
2026-02-14 18:15:01.001000+07:00,29.8,,
2026-02-14 18:20:01.001000+07:00,29.7,,
2026-02-14 18:25:01.001000+07:00,29.9,,
2026-02-14 18:30:01.001000+07:00,29.7,,
2026-02-14 18:35:01.001000+07:00,29.6,,
2026-02-14 18:40:01.001000+07:00,29.7,,
2026-02-14 18:45:01.001000+07:00,29.7,,
2026-02-14 18:50:01.001000+07:00,29.7,,
2026-02-14 18:55:01.001000+07:00,29.6,,
2026-02-14 19:00:01.001000+07:00,29.7,,
2026-02-14 19:05:01.001000+07:00,29.7,,
2026-02-14 19:10:02.001000+07:00,29.9,,
2026-02-14 19:15:01.001000+07:00,29.9,,
2026-02-14 19:20:01.001000+07:00,29.9,,
2026-02-14 19:25:01.001000+07:00,29.5,,
2026-02-14 19:30:01.001000+07:00,29.6,,
2026-02-14 19:35:01.001000+07:00,29.6,,
2026-02-14 19:40:01.001000+07:00,29.5,,
2026-02-14 19:45:01.001000+07:00,29.8,,
2026-02-14 19:50:01.001000+07:00,29.8,,
2026-02-14 19:55:01.001000+07:00,29.6,,
2026-02-14 20:00:01.001000+07:00,29.7,,
2026-02-14 20:05:02.001000+07:00,29.6,,
2026-02-14 20:10:01.001000+07:00,29.7,,
2026-02-14 20:15:01.001000+07:00,29.5,,
2026-02-14 20:20:01.001000+07:00,29.6,,
2026-02-14 20:25:01.001000+07:00,29.6,,
2026-02-14 20:30:01.001000+07:00,29.7,,
2026-02-14 20:35:01.001000+07:00,29.4,,
2026-02-14 20:40:01.001000+07:00,29.6,,
2026-02-14 20:45:01.001000+07:00,29.6,,
2026-02-14 20:50:01.001000+07:00,29.5,,
2026-02-14 20:55:01.001000+07:00,29.5,,
2026-02-14 21:00:01.001000+07:00,29.4,,
2026-02-14 21:05:01.001000+07:00,29.3,,
2026-02-14 21:10:01.001000+07:00,29.6,,
2026-02-14 21:15:01.001000+07:00,29.3,,
2026-02-14 21:20:01.001000+07:00,29.4,,
2026-02-14 21:25:01.001000+07:00,29.7,,
2026-02-14 21:30:01.001000+07:00,29.7,,
2026-02-14 21:35:01.001000+07:00,29.5,,
2026-02-14 21:40:01.001000+07:00,29.3,,
2026-02-14 21:45:01.001000+07:00,29.7,,
2026-02-14 21:50:01.001000+07:00,29.4,,
2026-02-14 21:55:01.001000+07:00,29.5,,
2026-02-14 22:00:01.001000+07:00,29.7,,
2026-02-14 22:05:01.001000+07:00,29.5,,
2026-02-14 22:10:01.001000+07:00,29.5,,
2026-02-14 22:15:01.001000+07:00,29.5,,
2026-02-14 22:20:01.001000+07:00,29.7,,
2026-02-14 22:25:01.001000+07:00,29.3,,
2026-02-14 22:30:02.001000+07:00,29.4,,
2026-02-14 22:35:01.001000+07:00,29.4,,
2026-02-14 22:40:01.001000+07:00,29.7,,
2026-02-14 22:45:01.001000+07:00,29.7,,
2026-02-14 22:50:01.001000+07:00,29.3,,
2026-02-14 22:55:01.001000+07:00,29.4,,
2026-02-14 23:00:01.001000+07:00,29.4,,
2026-02-14 23:05:01.001000+07:00,29.4,,
2026-02-14 23:10:01.001000+07:00,29.5,,
2026-02-14 23:15:01.001000+07:00,29.3,,
2026-02-14 23:20:01.001000+07:00,29.3,,
2026-02-14 23:25:01.001000+07:00,29.6,,
2026-02-14 23:30:02.001000+07:00,29.3,,
2026-02-14 23:35:01.001000+07:00,29.7,,
2026-02-14 23:40:01.001000+07:00,29.4,,
2026-02-14 23:45:01.001000+07:00,29.6,,
2026-02-14 23:50:01.001000+07:00,29.4,,
2026-02-14 23:55:01.001000+07:00,29.3,,
2026-02-15 00:00:02.001000+07:00,29.5,30.3,
2026-02-15 00:05:01.001000+07:00,29.4,29.9,
2026-02-15 00:10:01.001000+07:00,29.5,30.1,
2026-02-15 00:15:01.001000+07:00,29.3,30.3,
2026-02-15 00:20:01.001000+07:00,29.5,29.9,
2026-02-15 00:25:01.001000+07:00,29.5,30.0,
2026-02-15 00:30:01.001000+07:00,29.3,30.2,
2026-02-15 00:35:01.001000+07:00,29.3,30.1,
2026-02-15 00:40:01.001000+07:00,29.2,29.9,
2026-02-15 00:45:01.001000+07:00,29.5,30.2,
2026-02-15 00:50:01.001000+07:00,29.5,30.0,
2026-02-15 00:55:01.001000+07:00,29.3,30.0,
2026-02-15 01:00:02.001000+07:00,29.4,29.9,
2026-02-15 01:05:01.001000+07:00,29.4,29.8,
2026-02-15 01:10:01.001000+07:00,29.1,29.9,
2026-02-15 01:15:01.001000+07:00,29.3,30.2,
2026-02-15 01:20:01.001000+07:00,29.3,30.2,
2026-02-15 01:25:01.001000+07:00,29.4,30.2,
2026-02-15 01:30:01.001000+07:00,29.4,29.8,
2026-02-15 01:35:01.001000+07:00,29.4,29.9,
2026-02-15 01:40:01.001000+07:00,29.2,29.9,
2026-02-15 01:45:01.001000+07:00,29.2,30.0,
2026-02-15 01:50:01.001000+07:00,29.4,30.1,
2026-02-15 01:55:01.001000+07:00,29.3,29.8,
2026-02-15 02:00:01.001000+07:00,29.3,30.2,
2026-02-15 02:05:01.001000+07:00,29.3,30.1,
2026-02-15 02:10:01.001000+07:00,29.4,29.9,
2026-02-15 02:15:01.001000+07:00,29.3,30.1,
2026-02-15 02:20:01.001000+07:00,29.3,29.8,
2026-02-15 02:25:01.001000+07:00,29.2,29.9,
2026-02-15 02:30:01.001000+07:00,29.1,30.2,
2026-02-15 02:35:01.001000+07:00,29.0,29.9,
2026-02-15 02:40:01.001000+07:00,29.3,29.9,
2026-02-15 02:45:01.001000+07:00,29.1,29.9,
2026-02-15 02:50:01.001000+07:00,29.0,29.8,
2026-02-15 02:55:01.001000+07:00,29.2,29.9,
2026-02-15 03:00:01.001000+07:00,29.0,29.7,
2026-02-15 03:05:01.001000+07:00,29.0,29.7,
2026-02-15 03:10:01.001000+07:00,29.3,29.8,
2026-02-15 03:15:01.001000+07:00,29.2,29.8,
2026-02-15 03:20:01.001000+07:00,29.2,30.1,
2026-02-15 03:25:01.001000+07:00,29.0,30.0,
2026-02-15 03:30:01.001000+07:00,29.3,30.0,
2026-02-15 03:35:01.001000+07:00,29.0,29.7,
2026-02-15 03:40:01.001000+07:00,29.2,29.7,
2026-02-15 03:45:01.001000+07:00,29.3,30.0,
2026-02-15 03:50:01.001000+07:00,28.9,29.8,
2026-02-15 03:55:01.001000+07:00,29.1,29.9,
2026-02-15 04:00:01.001000+07:00,29.3,29.6,
2026-02-15 04:05:01.001000+07:00,29.0,30.0,
2026-02-15 04:10:01.001000+07:00,28.9,29.7,
2026-02-15 04:15:01.001000+07:00,29.2,30.0,
2026-02-15 04:20:01.001000+07:00,29.2,29.7,
2026-02-15 04:25:01.001000+07:00,29.1,29.9,
2026-02-15 04:30:01.001000+07:00,29.0,29.8,
2026-02-15 04:35:01.001000+07:00,29.0,30.0,
2026-02-15 04:40:01.001000+07:00,29.1,30.0,
2026-02-15 04:45:01.001000+07:00,29.1,29.9,
2026-02-15 04:50:01.001000+07:00,29.2,29.9,
2026-02-15 04:55:01.001000+07:00,29.2,29.8,
2026-02-15 05:00:01.001000+07:00,29.0,29.7,
2026-02-15 05:05:01.001000+07:00,28.9,29.8,
2026-02-15 05:10:01.001000+07:00,29.1,29.7,
2026-02-15 05:15:01.001000+07:00,29.3,30.0,
2026-02-15 05:20:01.001000+07:00,29.3,29.9,
2026-02-15 05:25:01.001000+07:00,29.0,29.9,
2026-02-15 05:30:01.001000+07:00,28.9,29.9,
2026-02-15 05:35:01.001000+07:00,29.1,30.1,
2026-02-15 05:40:01.001000+07:00,29.2,29.8,
2026-02-15 05:45:01.001000+07:00,28.9,30.0,
2026-02-15 05:50:01.001000+07:00,29.1,30.1,
2026-02-15 05:55:01.001000+07:00,29.2,30.0,
2026-02-15 06:00:01.001000+07:00,29.3,29.7,
2026-02-15 06:05:01.001000+07:00,29.2,29.8,
2026-02-15 06:10:01.001000+07:00,29.2,29.9,
2026-02-15 06:15:01.001000+07:00,29.2,29.7,
2026-02-15 06:20:01.001000+07:00,28.9,29.7,
2026-02-15 06:25:01.001000+07:00,29.0,29.9,
2026-02-15 06:30:01.001000+07:00,29.2,29.6,
2026-02-15 06:35:01.001000+07:00,28.8,29.7,
2026-02-15 06:40:01.001000+07:00,29.2,29.7,
2026-02-15 06:45:02.001000+07:00,29.1,29.9,
2026-02-15 06:50:01.001000+07:00,29.2,29.7,
2026-02-15 06:55:01.001000+07:00,29.2,29.6,
2026-02-15 07:00:01.001000+07:00,28.9,30.0,
2026-02-15 07:05:01.001000+07:00,29.1,29.8,
2026-02-15 07:10:01.001000+07:00,29.2,29.6,
2026-02-15 07:15:01.001000+07:00,29.2,30.0,
2026-02-15 07:20:01.001000+07:00,29.1,29.8,
2026-02-15 07:25:02.001000+07:00,29.1,30.0,
2026-02-15 07:30:01.001000+07:00,28.9,30.0,
2026-02-15 07:35:01.001000+07:00,29.0,30.0,
2026-02-15 07:40:01.001000+07:00,29.1,29.7,
2026-02-15 07:45:01.001000+07:00,29.1,30.0,
2026-02-15 07:50:01.001000+07:00,29.1,29.9,
2026-02-15 07:55:01.001000+07:00,29.0,29.9,
2026-02-15 08:00:02.001000+07:00,29.0,30.0,
2026-02-15 08:05:01.001000+07:00,29.3,29.8,
2026-02-15 08:10:01.001000+07:00,29.1,30.0,
2026-02-15 08:15:02.001000+07:00,28.9,29.7,
2026-02-15 08:20:01.001000+07:00,28.9,30.0,
2026-02-15 08:25:01.001000+07:00,29.1,29.9,
2026-02-15 08:30:01.001000+07:00,29.2,30.0,
2026-02-15 08:35:01.001000+07:00,29.0,29.8,
2026-02-15 08:40:01.001000+07:00,29.2,29.6,
2026-02-15 08:45:01.001000+07:00,29.0,30.0,
2026-02-15 08:50:01.001000+07:00,28.9,29.7,
2026-02-15 08:55:01.001000+07:00,29.1,29.9,
2026-02-15 09:00:01.001000+07:00,29.1,30.0,
2026-02-15 09:05:01.001000+07:00,29.2,29.6,
2026-02-15 09:10:01.001000+07:00,28.9,29.6,
2026-02-15 09:15:01.001000+07:00,29.1,29.8,
2026-02-15 09:20:01.001000+07:00,29.1,29.6,
2026-02-15 09:25:01.001000+07:00,28.9,29.5,
2026-02-15 09:30:01.001000+07:00,28.9,29.6,
2026-02-15 09:35:01.001000+07:00,28.9,30.0,
2026-02-15 09:40:01.001000+07:00,28.9,29.9,
2026-02-15 09:45:01.001000+07:00,28.9,29.7,
2026-02-15 09:50:01.001000+07:00,29.3,30.0,
2026-02-15 09:55:01.001000+07:00,29.2,29.8,
2026-02-15 10:00:02.001000+07:00,29.3,30.0,
2026-02-15 10:05:01.001000+07:00,29.3,30.0,
2026-02-15 10:10:01.001000+07:00,29.1,29.8,
2026-02-15 10:15:01.001000+07:00,29.3,29.8,
2026-02-15 10:20:01.001000+07:00,29.3,30.0,
2026-02-15 10:25:01.001000+07:00,29.1,29.9,
2026-02-15 10:30:01.001000+07:00,29.1,30.2,
2026-02-15 10:35:01.001000+07:00,29.5,29.9,
2026-02-15 10:40:01.001000+07:00,29.5,29.9,
2026-02-15 10:45:01.001000+07:00,29.4,30.2,
2026-02-15 10:50:01.001000+07:00,29.2,30.2,
2026-02-15 10:55:01.001000+07:00,29.2,29.9,
2026-02-15 11:00:01.001000+07:00,29.4,30.2,
2026-02-15 11:05:01.001000+07:00,29.5,30.0,
2026-02-15 11:10:01.001000+07:00,29.4,30.0,
2026-02-15 11:15:01.001000+07:00,29.4,30.1,
2026-02-15 11:20:01.001000+07:00,29.2,30.2,
2026-02-15 11:25:01.001000+07:00,29.5,30.0,
2026-02-15 11:30:01.001000+07:00,29.5,29.8,
2026-02-15 11:35:01.001000+07:00,29.5,29.9,
2026-02-15 11:40:01.001000+07:00,29.6,30.0,
2026-02-15 11:45:01.001000+07:00,29.3,30.2,
2026-02-15 11:50:01.001000+07:00,29.5,29.9,
2026-02-15 11:55:01.001000+07:00,29.3,29.9,
2026-02-15 12:00:02.001000+07:00,29.6,30.0,
2026-02-15 12:05:01.001000+07:00,29.5,30.3,
2026-02-15 12:10:01.001000+07:00,29.6,30.1,
2026-02-15 12:15:02.001000+07:00,29.3,30.2,
2026-02-15 12:20:01.001000+07:00,29.2,30.2,
2026-02-15 12:25:01.001000+07:00,29.3,30.0,
2026-02-15 12:30:01.001000+07:00,29.4,29.8,
2026-02-15 12:35:01.001000+07:00,29.5,30.3,
2026-02-15 12:40:01.001000+07:00,29.3,29.8,
2026-02-15 12:45:01.001000+07:00,29.1,29.9,
2026-02-15 12:50:01.001000+07:00,29.2,30.2,
2026-02-15 12:55:01.001000+07:00,29.5,29.8,
2026-02-15 13:00:01.001000+07:00,29.1,30.0,
2026-02-15 13:05:01.001000+07:00,29.2,30.2,
2026-02-15 13:10:02.001000+07:00,29.1,30.0,
2026-02-15 13:15:01.001000+07:00,29.5,30.3,
2026-02-15 13:20:01.001000+07:00,29.2,30.2,
2026-02-15 13:25:01.001000+07:00,29.1,29.9,
2026-02-15 13:30:01.001000+07:00,29.1,30.3,
2026-02-15 13:35:01.001000+07:00,29.5,30.0,
2026-02-15 13:40:02.001000+07:00,29.5,30.1,
2026-02-15 13:45:01.001000+07:00,29.4,30.3,
2026-02-15 13:50:01.001000+07:00,29.3,30.0,
2026-02-15 13:55:01.001000+07:00,29.2,30.2,
2026-02-15 14:00:02.001000+07:00,29.2,30.2,
2026-02-15 14:05:01.001000+07:00,29.3,30.3,
2026-02-15 14:10:01.001000+07:00,29.5,29.9,
2026-02-15 14:15:01.001000+07:00,29.3,30.3,
2026-02-15 14:20:01.001000+07:00,29.3,30.3,
2026-02-15 14:25:01.001000+07:00,29.3,30.2,
2026-02-15 14:30:01.001000+07:00,29.3,30.3,
2026-02-15 14:35:01.001000+07:00,29.3,30.2,
2026-02-15 14:40:01.001000+07:00,29.5,30.1,
2026-02-15 14:45:01.001000+07:00,29.6,30.1,
2026-02-15 14:50:01.001000+07:00,29.5,30.3,
2026-02-15 14:55:01.001000+07:00,29.3,30.1,
2026-02-15 15:00:01.001000+07:00,29.3,30.3,
2026-02-15 15:05:01.001000+07:00,29.5,30.2,
2026-02-15 15:10:01.001000+07:00,29.5,30.2,
2026-02-15 15:15:01.001000+07:00,29.3,30.0,
2026-02-15 15:20:01.001000+07:00,29.4,30.0,
2026-02-15 15:25:02.001000+07:00,29.3,30.3,
2026-02-15 15:30:01.001000+07:00,29.3,30.0,
2026-02-15 15:35:01.001000+07:00,29.6,30.0,
2026-02-15 15:40:01.001000+07:00,29.6,30.4,
2026-02-15 15:45:01.001000+07:00,29.6,30.0,
2026-02-15 15:50:01.001000+07:00,29.6,30.3,
2026-02-15 15:55:01.001000+07:00,29.5,30.3,
2026-02-15 16:00:01.001000+07:00,29.6,30.5,
2026-02-15 16:05:01.001000+07:00,29.6,30.5,
2026-02-15 16:10:01.001000+07:00,29.7,30.2,
2026-02-15 16:15:01.001000+07:00,29.4,30.1,
2026-02-15 16:20:01.001000+07:00,29.5,30.1,
2026-02-15 16:25:01.001000+07:00,29.4,30.5,
2026-02-15 16:30:01.001000+07:00,29.7,30.1,
2026-02-15 16:35:01.001000+07:00,29.6,30.3,
2026-02-15 16:40:01.001000+07:00,29.4,30.5,
2026-02-15 16:45:01.001000+07:00,29.4,30.4,
2026-02-15 16:50:01.001000+07:00,29.4,30.5,
2026-02-15 16:55:01.001000+07:00,29.7,30.2,
2026-02-15 17:00:01.001000+07:00,29.7,30.5,
2026-02-15 17:05:01.001000+07:00,29.4,30.4,
2026-02-15 17:10:01.001000+07:00,29.4,30.2,
2026-02-15 17:15:01.001000+07:00,29.4,30.2,
2026-02-15 17:20:01.001000+07:00,29.3,30.4,
2026-02-15 17:25:01.001000+07:00,29.6,30.2,
2026-02-15 17:30:01.001000+07:00,29.4,30.5,
2026-02-15 17:35:01.001000+07:00,29.6,30.1,
2026-02-15 17:40:01.001000+07:00,29.7,30.4,
2026-02-15 17:45:01.001000+07:00,29.5,30.4,
2026-02-15 17:50:01.001000+07:00,29.6,30.4,
2026-02-15 17:55:01.001000+07:00,29.5,30.2,
2026-02-15 18:00:02.001000+07:00,29.5,30.1,
2026-02-15 18:05:01.001000+07:00,29.3,30.1,
2026-02-15 18:10:01.001000+07:00,29.7,30.1,
2026-02-15 18:15:01.001000+07:00,29.5,30.3,
2026-02-15 18:20:01.001000+07:00,29.5,30.3,
2026-02-15 18:25:01.001000+07:00,29.4,30.4,
2026-02-15 18:30:01.001000+07:00,29.7,30.1,
2026-02-15 18:35:01.001000+07:00,29.5,30.0,
2026-02-15 18:40:01.001000+07:00,29.6,30.1,
2026-02-15 18:45:01.001000+07:00,29.7,30.1,
2026-02-15 18:50:02.001000+07:00,29.7,30.4,
2026-02-15 18:55:01.001000+07:00,29.3,30.5,
2026-02-15 19:00:01.001000+07:00,29.4,30.2,
2026-02-15 19:05:01.001000+07:00,29.4,30.3,
2026-02-15 19:10:01.001000+07:00,29.4,30.3,
2026-02-15 19:15:01.001000+07:00,29.6,30.2,
2026-02-15 19:20:01.001000+07:00,29.4,30.3,
2026-02-15 19:25:01.001000+07:00,29.4,30.4,
2026-02-15 19:30:01.001000+07:00,29.7,30.2,
2026-02-15 19:35:01.001000+07:00,29.6,30.4,
2026-02-15 19:40:01.001000+07:00,29.7,30.5,
2026-02-15 19:45:01.001000+07:00,29.4,30.2,
2026-02-15 19:50:01.001000+07:00,29.5,30.6,
2026-02-15 19:55:01.001000+07:00,29.8,30.6,
2026-02-15 20:00:01.001000+07:00,29.5,30.4,
2026-02-15 20:05:01.001000+07:00,29.8,30.3,
2026-02-15 20:10:01.001000+07:00,29.5,30.4,
2026-02-15 20:15:01.001000+07:00,29.5,30.5,
2026-02-15 20:20:01.001000+07:00,29.8,30.4,
2026-02-15 20:25:02.001000+07:00,29.6,30.3,
2026-02-15 20:30:01.001000+07:00,29.5,30.5,
2026-02-15 20:35:01.001000+07:00,29.4,30.6,
2026-02-15 20:40:01.001000+07:00,29.6,30.5,
2026-02-15 20:45:01.001000+07:00,29.6,30.2,
2026-02-15 20:50:01.001000+07:00,29.8,30.4,
2026-02-15 20:55:01.001000+07:00,29.7,30.2,
2026-02-15 21:00:01.001000+07:00,29.5,30.2,
2026-02-15 21:05:01.001000+07:00,29.4,30.1,
2026-02-15 21:10:01.001000+07:00,29.7,30.4,
2026-02-15 21:15:01.001000+07:00,29.8,30.4,
2026-02-15 21:20:01.001000+07:00,29.6,30.2,
2026-02-15 21:25:01.001000+07:00,29.6,30.5,
2026-02-15 21:30:01.001000+07:00,29.7,30.2,
2026-02-15 21:35:01.001000+07:00,29.6,30.4,
2026-02-15 21:40:01.001000+07:00,29.4,30.4,
2026-02-15 21:45:01.001000+07:00,29.6,30.2,
2026-02-15 21:50:01.001000+07:00,29.7,30.3,
2026-02-15 21:55:01.001000+07:00,29.7,30.3,
2026-02-15 22:00:02.001000+07:00,29.6,30.2,
2026-02-15 22:05:01.001000+07:00,29.7,30.5,
2026-02-15 22:10:01.001000+07:00,29.8,30.2,
2026-02-15 22:15:01.001000+07:00,29.4,30.1,
2026-02-15 22:20:01.001000+07:00,29.5,30.2,
2026-02-15 22:25:01.001000+07:00,29.7,30.5,
2026-02-15 22:30:01.001000+07:00,29.4,30.3,
2026-02-15 22:35:01.001000+07:00,29.4,30.5,
2026-02-15 22:40:01.001000+07:00,29.7,30.3,
2026-02-15 22:45:01.001000+07:00,29.7,30.2,
2026-02-15 22:50:01.001000+07:00,29.4,30.2,
2026-02-15 22:55:01.001000+07:00,29.6,30.4,
2026-02-15 23:00:01.001000+07:00,29.4,30.4,
2026-02-15 23:05:01.001000+07:00,29.6,30.2,
2026-02-15 23:10:01.001000+07:00,29.5,30.5,
2026-02-15 23:15:01.001000+07:00,29.5,30.5,
2026-02-15 23:20:01.001000+07:00,29.7,30.2,
2026-02-15 23:25:01.001000+07:00,29.4,30.2,
2026-02-15 23:30:01.001000+07:00,29.5,30.4,
2026-02-15 23:35:01.001000+07:00,29.7,30.4,
2026-02-15 23:40:01.001000+07:00,29.4,30.1,
2026-02-15 23:45:01.001000+07:00,29.4,30.5,
2026-02-15 23:50:01.001000+07:00,29.4,30.4,
2026-02-15 23:55:01.001000+07:00,29.5,30.5,30.2
2026-02-17 00:00:01.001000+07:00,29.4,,30.0
2026-02-17 00:05:01.001000+07:00,29.6,,30.2
2026-02-17 00:10:01.001000+07:00,29.4,,30.1
2026-02-17 00:15:01.001000+07:00,29.4,,30.0
2026-02-17 00:20:01.001000+07:00,29.5,,30.1
2026-02-17 00:25:01.001000+07:00,29.7,,30.3
2026-02-17 00:30:01.001000+07:00,29.4,,30.0
2026-02-17 00:35:01.001000+07:00,29.6,,30.3
2026-02-17 00:40:01.001000+07:00,29.3,,30.2
2026-02-17 00:45:01.001000+07:00,29.5,,30.1
2026-02-17 00:50:01.001000+07:00,29.4,,30.0
2026-02-17 00:55:01.001000+07:00,29.7,,29.9
2026-02-17 01:00:01.001000+07:00,29.3,,30.2
2026-02-17 01:05:01.001000+07:00,29.3,,30.2
2026-02-17 01:10:01.001000+07:00,29.4,,30.1
2026-02-17 01:15:01.001000+07:00,29.6,,30.3
2026-02-17 01:20:01.001000+07:00,29.2,,29.8
2026-02-17 01:25:01.001000+07:00,29.3,,30.3
2026-02-17 01:30:01.001000+07:00,29.4,,30.2
2026-02-17 01:35:01.001000+07:00,29.3,,30.2
2026-02-17 01:40:01.001000+07:00,29.3,,29.9
2026-02-17 01:45:01.001000+07:00,29.6,,30.1
2026-02-17 01:50:01.001000+07:00,29.4,,30.2
2026-02-17 01:55:01.001000+07:00,29.6,,29.9
2026-02-17 02:00:02.001000+07:00,29.4,,30.0
2026-02-17 02:05:01.001000+07:00,29.5,,30.0
2026-02-17 02:10:01.001000+07:00,29.3,,30.0
2026-02-17 02:15:01.001000+07:00,29.6,,29.9
2026-02-17 02:20:01.001000+07:00,29.3,,29.9
2026-02-17 02:25:02.001000+07:00,29.3,,30.0
2026-02-17 02:30:01.001000+07:00,29.3,,29.9
2026-02-17 02:35:01.001000+07:00,29.4,,30.1
2026-02-17 02:40:01.001000+07:00,29.2,,30.1
2026-02-17 02:45:01.001000+07:00,29.4,,30.2
2026-02-17 02:50:01.001000+07:00,29.6,,29.9
2026-02-17 02:55:01.001000+07:00,29.5,,30.0
2026-02-17 03:00:02.001000+07:00,29.3,,30.2
2026-02-17 03:05:01.001000+07:00,29.3,,30.0
2026-02-17 03:10:01.001000+07:00,29.5,,30.1
2026-02-17 03:15:01.001000+07:00,29.4,,30.2
2026-02-17 03:20:01.001000+07:00,29.6,,30.2
2026-02-17 03:25:01.001000+07:00,29.6,,30.2
2026-02-17 03:30:01.001000+07:00,29.6,,30.2
2026-02-17 03:35:01.001000+07:00,29.6,,30.0
2026-02-17 03:40:01.001000+07:00,29.5,,30.3
2026-02-17 03:45:01.001000+07:00,29.3,,29.9
2026-02-17 03:50:01.001000+07:00,29.4,,30.1
2026-02-17 03:55:01.001000+07:00,29.6,,30.2
2026-02-17 04:00:02.001000+07:00,29.4,,30.2
2026-02-17 04:05:01.001000+07:00,29.3,,30.1
2026-02-17 04:10:01.001000+07:00,29.6,,30.2
2026-02-17 04:15:01.001000+07:00,29.4,,30.2
2026-02-17 04:20:01.001000+07:00,29.3,,30.1
2026-02-17 04:25:01.001000+07:00,29.3,,30.2
2026-02-17 04:30:01.001000+07:00,29.4,,30.3
2026-02-17 04:35:01.001000+07:00,29.6,,30.2
2026-02-17 04:40:01.001000+07:00,29.5,,29.9
2026-02-17 04:45:01.001000+07:00,29.6,,29.9
2026-02-17 04:50:01.001000+07:00,29.3,,30.2
2026-02-17 04:55:01.001000+07:00,29.2,,30.1
2026-02-17 05:00:01.001000+07:00,29.2,,30.2
2026-02-17 05:05:01.001000+07:00,29.3,,30.1
2026-02-17 05:10:01.001000+07:00,29.7,,30.0
2026-02-17 05:15:01.001000+07:00,29.5,,30.0
2026-02-17 05:20:01.001000+07:00,29.3,,30.0
2026-02-17 05:25:01.001000+07:00,29.4,,30.2
2026-02-17 05:30:01.001000+07:00,29.5,,30.0
2026-02-17 05:35:01.001000+07:00,29.3,,29.9
2026-02-17 05:40:01.001000+07:00,29.6,,30.0
2026-02-17 05:45:01.001000+07:00,29.3,,29.9
2026-02-17 05:50:01.001000+07:00,29.5,,29.9
2026-02-17 05:55:01.001000+07:00,29.3,,30.3
2026-02-17 06:00:01.001000+07:00,29.5,,30.2
2026-02-17 06:05:01.001000+07:00,29.4,,29.9
2026-02-17 06:10:01.001000+07:00,29.6,,30.2
2026-02-17 06:15:01.001000+07:00,29.3,,30.1
2026-02-17 06:20:02.001000+07:00,29.6,,30.2
2026-02-17 06:25:01.001000+07:00,29.4,,30.0
2026-02-17 06:30:01.001000+07:00,29.6,,29.9
2026-02-17 06:35:01.001000+07:00,29.3,,29.9
2026-02-17 06:40:01.001000+07:00,29.6,,29.9
2026-02-17 06:45:01.001000+07:00,29.3,,30.1
2026-02-17 06:50:01.001000+07:00,29.4,,30.3
2026-02-17 06:55:01.001000+07:00,29.6,,29.9
2026-02-17 07:00:01.001000+07:00,29.6,,29.9
2026-02-17 07:05:01.001000+07:00,29.3,,30.0
2026-02-17 07:10:01.001000+07:00,29.5,,30.3
2026-02-17 07:15:01.001000+07:00,29.5,,30.2
2026-02-17 07:20:02.001000+07:00,29.3,,30.0
2026-02-17 07:25:01.001000+07:00,29.3,,30.1
2026-02-17 07:30:01.001000+07:00,29.5,,30.2
2026-02-17 07:35:01.001000+07:00,29.6,,30.0
2026-02-17 07:40:01.001000+07:00,29.6,,30.2
2026-02-17 07:45:02.001000+07:00,29.3,,30.2
2026-02-17 07:50:01.001000+07:00,29.5,,30.0
2026-02-17 07:55:01.001000+07:00,29.6,,30.2
2026-02-17 08:00:01.001000+07:00,29.3,,30.0
2026-02-17 08:05:01.001000+07:00,29.6,,30.0
2026-02-17 08:10:01.001000+07:00,29.6,,30.0
2026-02-17 08:15:01.001000+07:00,29.4,,29.9
2026-02-17 08:20:01.001000+07:00,29.6,,30.1
2026-02-17 08:25:02.001000+07:00,29.5,,30.2
2026-02-17 08:30:01.001000+07:00,29.6,,29.9
2026-02-17 08:35:01.001000+07:00,29.5,,30.1
2026-02-17 08:40:01.001000+07:00,29.3,,30.0
2026-02-17 08:45:01.001000+07:00,29.5,,30.1
2026-02-17 08:50:01.001000+07:00,29.4,,29.9
2026-02-17 08:55:01.001000+07:00,29.3,,30.2
2026-02-17 09:00:01.001000+07:00,29.3,,30.1
2026-02-17 09:05:01.001000+07:00,29.6,,29.9
2026-02-17 09:10:01.001000+07:00,29.3,,30.0
2026-02-17 09:15:01.001000+07:00,29.3,,30.2
2026-02-17 09:20:01.001000+07:00,29.6,,30.1
2026-02-17 09:25:01.001000+07:00,29.2,,30.2
2026-02-17 09:30:01.001000+07:00,29.3,,30.0
2026-02-17 09:35:01.001000+07:00,29.6,,29.9
2026-02-17 09:40:01.001000+07:00,29.7,,30.0
2026-02-17 09:45:01.001000+07:00,29.3,,30.3
2026-02-17 09:50:01.001000+07:00,29.4,,30.2
2026-02-17 09:55:02.001000+07:00,29.7,,30.3
2026-02-17 10:00:01.001000+07:00,29.8,,29.9
2026-02-17 10:05:01.001000+07:00,29.5,,30.0
2026-02-17 10:10:01.001000+07:00,29.7,,30.3
2026-02-17 10:15:01.001000+07:00,29.3,,30.1
2026-02-17 10:20:01.001000+07:00,29.7,,30.2
2026-02-17 10:25:01.001000+07:00,29.4,,30.0
2026-02-17 10:30:01.001000+07:00,29.7,,30.1
2026-02-17 10:35:01.001000+07:00,29.7,,30.2
2026-02-17 10:40:01.001000+07:00,29.7,,30.1
2026-02-17 10:45:01.001000+07:00,29.4,,30.0
2026-02-17 10:50:01.001000+07:00,29.6,,30.3
2026-02-17 10:55:01.001000+07:00,29.5,,29.9
2026-02-17 11:00:02.001000+07:00,29.6,,30.2
2026-02-17 11:05:02.001000+07:00,29.5,,30.0
2026-02-17 11:10:01.001000+07:00,29.4,,30.2
2026-02-17 11:15:01.001000+07:00,29.5,,30.4
2026-02-17 11:20:01.001000+07:00,29.5,,30.1
2026-02-17 11:25:01.001000+07:00,29.7,,30.2
2026-02-17 11:30:02.001000+07:00,29.5,,30.0
2026-02-17 11:35:01.001000+07:00,29.4,,30.1
2026-02-17 11:40:01.001000+07:00,29.5,,30.3
2026-02-17 11:45:01.001000+07:00,29.8,,30.4
2026-02-17 11:50:01.001000+07:00,29.7,,30.2
2026-02-17 11:55:02.001000+07:00,29.8,,30.3
2026-02-17 12:00:01.001000+07:00,29.5,,30.0
2026-02-17 12:05:01.001000+07:00,29.7,,30.2
2026-02-17 12:10:01.001000+07:00,29.8,,30.3
2026-02-17 12:15:01.001000+07:00,29.8,,30.2
2026-02-17 12:20:01.001000+07:00,29.5,,30.3
2026-02-17 12:25:01.001000+07:00,29.5,,30.2
2026-02-17 12:30:01.001000+07:00,29.7,,30.3
2026-02-17 12:35:02.001000+07:00,29.5,,30.1
2026-02-17 12:40:01.001000+07:00,29.5,,30.3
2026-02-17 12:45:01.001000+07:00,29.7,,30.0
2026-02-17 12:50:01.001000+07:00,29.5,,30.1
2026-02-17 12:55:01.001000+07:00,29.6,,30.3
2026-02-17 13:00:02.001000+07:00,29.5,,30.3
2026-02-17 13:05:01.001000+07:00,29.5,,30.3
2026-02-17 13:10:01.001000+07:00,29.4,,30.2
2026-02-17 13:15:01.001000+07:00,29.6,,29.9
2026-02-17 13:20:01.001000+07:00,29.4,,30.2
2026-02-17 13:25:01.001000+07:00,29.4,,30.2
2026-02-17 13:30:01.001000+07:00,29.6,,30.3
2026-02-17 13:35:01.001000+07:00,29.8,,30.0
2026-02-17 13:40:01.001000+07:00,29.4,,30.4
2026-02-17 13:45:01.001000+07:00,29.7,,30.3
2026-02-17 13:50:01.001000+07:00,29.8,,30.0
2026-02-17 13:55:01.001000+07:00,29.5,,30.0
2026-02-17 14:00:01.001000+07:00,29.4,,30.4
2026-02-17 14:05:01.001000+07:00,29.7,,30.1
2026-02-17 14:10:01.001000+07:00,29.8,,30.4
2026-02-17 14:15:01.001000+07:00,29.6,,30.3
2026-02-17 14:20:01.001000+07:00,29.7,,30.4
2026-02-17 14:25:02.001000+07:00,29.8,,30.4
2026-02-17 14:30:01.001000+07:00,29.6,,30.1
2026-02-17 14:35:01.001000+07:00,29.6,,30.2
2026-02-17 14:40:01.001000+07:00,29.5,,30.2
2026-02-17 14:45:01.001000+07:00,29.5,,30.3
2026-02-17 14:50:01.001000+07:00,29.6,,30.2
2026-02-17 14:55:01.001000+07:00,29.8,,30.1
2026-02-17 15:00:01.001000+07:00,29.5,,30.1
2026-02-17 15:05:01.001000+07:00,29.6,,30.1
2026-02-17 15:10:01.001000+07:00,29.5,,30.2
2026-02-17 15:15:01.001000+07:00,29.7,,30.1
2026-02-17 15:20:01.001000+07:00,29.7,,30.3
2026-02-17 15:25:01.001000+07:00,29.5,,30.4
2026-02-17 15:30:01.001000+07:00,29.5,,30.2
2026-02-17 15:35:01.001000+07:00,29.8,,30.2
2026-02-17 15:40:01.001000+07:00,29.5,,30.1
2026-02-17 15:45:01.001000+07:00,29.8,,30.2
2026-02-17 15:50:01.001000+07:00,29.7,,30.3
2026-02-17 15:55:01.001000+07:00,29.4,,30.4
2026-02-17 16:00:01.001000+07:00,29.4,,30.4
2026-02-17 16:05:01.001000+07:00,29.8,,30.4
2026-02-17 16:10:01.001000+07:00,29.8,,30.0
2026-02-17 16:15:01.001000+07:00,29.6,,30.3
2026-02-17 16:20:01.001000+07:00,29.8,,30.2
2026-02-17 16:25:01.001000+07:00,29.7,,29.9
2026-02-17 16:30:01.001000+07:00,29.7,,30.1
2026-02-17 16:35:01.001000+07:00,29.8,,30.4
2026-02-17 16:40:01.001000+07:00,29.7,,30.0
2026-02-17 16:45:01.001000+07:00,29.6,,30.2
2026-02-17 16:50:02.001000+07:00,29.5,,30.1
2026-02-17 16:55:01.001000+07:00,29.5,,30.1
2026-02-17 17:00:01.001000+07:00,29.8,,30.2
2026-02-17 17:05:01.001000+07:00,29.8,,30.4
2026-02-17 17:10:01.001000+07:00,29.8,,30.3
2026-02-17 17:15:01.001000+07:00,29.5,,30.4
2026-02-17 17:20:01.001000+07:00,29.6,,30.2
2026-02-17 17:25:01.001000+07:00,29.8,,30.1
2026-02-17 17:30:01.001000+07:00,29.5,,30.4
2026-02-17 17:35:01.001000+07:00,29.8,,30.4
2026-02-17 17:40:01.001000+07:00,29.5,,30.1
2026-02-17 17:45:01.001000+07:00,29.7,,30.3
2026-02-17 17:50:01.001000+07:00,29.4,,30.2
2026-02-17 17:55:01.001000+07:00,29.5,,30.0
2026-02-17 18:00:02.001000+07:00,29.8,,30.0
2026-02-17 18:05:02.001000+07:00,29.4,,30.3
2026-02-17 18:10:01.001000+07:00,29.4,,30.3
2026-02-17 18:15:01.001000+07:00,29.8,,30.1
2026-02-17 18:20:01.001000+07:00,29.6,,30.4
2026-02-17 18:25:01.001000+07:00,29.5,,30.2
2026-02-17 18:30:01.001000+07:00,29.7,,30.3
2026-02-17 18:35:01.001000+07:00,29.6,,30.3
2026-02-17 18:40:01.001000+07:00,29.8,,30.4
2026-02-17 18:45:01.001000+07:00,29.6,,30.4
2026-02-17 18:50:01.001000+07:00,29.5,,30.4
2026-02-17 18:55:01.001000+07:00,29.8,,30.0
2026-02-17 19:00:01.001000+07:00,29.5,,30.1
2026-02-17 19:05:01.001000+07:00,29.4,,30.2
2026-02-17 19:10:01.001000+07:00,29.8,,30.0
2026-02-17 19:15:01.001000+07:00,29.5,,30.3
2026-02-17 19:20:01.001000+07:00,29.6,,30.4
2026-02-17 19:25:01.001000+07:00,29.4,,30.1
2026-02-17 19:30:01.001000+07:00,29.6,,30.2
2026-02-17 19:35:01.001000+07:00,29.8,,30.4
2026-02-17 19:40:01.001000+07:00,29.8,,30.4
2026-02-17 19:45:01.001000+07:00,29.8,,30.3
2026-02-17 19:50:01.001000+07:00,29.6,,30.1
2026-02-17 19:55:01.001000+07:00,29.9,,30.4
2026-02-17 20:00:01.001000+07:00,29.8,,30.3
2026-02-17 20:05:01.001000+07:00,29.6,,30.1
2026-02-17 20:10:01.001000+07:00,29.9,,30.1
2026-02-17 20:15:01.001000+07:00,29.6,,30.4
2026-02-17 20:20:01.001000+07:00,29.8,,30.5
2026-02-17 20:25:01.001000+07:00,29.6,,30.5
2026-02-17 20:30:01.001000+07:00,29.9,,30.3
2026-02-17 20:35:01.001000+07:00,29.8,,30.5
2026-02-17 20:40:01.001000+07:00,29.6,,30.1
2026-02-17 20:45:01.001000+07:00,29.6,,30.4
2026-02-17 20:50:01.001000+07:00,29.9,,30.3
2026-02-17 20:55:01.001000+07:00,29.9,,30.3
2026-02-17 21:00:01.001000+07:00,29.9,,30.1
2026-02-17 21:05:02.001000+07:00,29.6,,30.3
2026-02-17 21:10:01.001000+07:00,29.8,,30.4
2026-02-17 21:15:01.001000+07:00,29.4,,30.1
2026-02-17 21:20:01.001000+07:00,29.6,,30.0
2026-02-17 21:25:01.001000+07:00,29.5,,30.4
2026-02-17 21:30:01.001000+07:00,29.8,,30.0
2026-02-17 21:35:01.001000+07:00,29.5,,30.1
2026-02-17 21:40:02.001000+07:00,29.6,,30.3
2026-02-17 21:45:01.001000+07:00,29.6,,30.2
2026-02-17 21:50:01.001000+07:00,29.8,,30.2
2026-02-17 21:55:01.001000+07:00,29.6,,30.2
2026-02-17 22:00:02.001000+07:00,29.7,,30.1
2026-02-17 22:05:01.001000+07:00,29.8,,30.4
2026-02-17 22:10:01.001000+07:00,29.7,,30.0
2026-02-17 22:15:01.001000+07:00,29.7,,30.0
2026-02-17 22:20:01.001000+07:00,29.7,,30.1
2026-02-17 22:25:01.001000+07:00,29.5,,30.0
2026-02-17 22:30:01.001000+07:00,29.6,,30.1
2026-02-17 22:35:01.001000+07:00,29.5,,30.3
2026-02-17 22:40:01.001000+07:00,29.6,,30.4
2026-02-17 22:45:01.001000+07:00,29.4,,30.1
2026-02-17 22:50:01.001000+07:00,29.5,,30.0
2026-02-17 22:55:01.001000+07:00,29.5,,29.9
2026-02-17 23:00:01.001000+07:00,29.7,,29.9
2026-02-17 23:05:01.001000+07:00,29.5,,30.0
2026-02-17 23:10:01.001000+07:00,29.4,,30.3
2026-02-17 23:15:01.001000+07:00,29.5,,30.2
2026-02-17 23:20:01.001000+07:00,29.6,,30.0
2026-02-17 23:25:01.001000+07:00,29.5,,30.2
2026-02-17 23:30:01.001000+07:00,29.8,,30.3
2026-02-17 23:35:01.001000+07:00,29.8,,30.4
2026-02-17 23:40:01.001000+07:00,29.8,,30.4
2026-02-17 23:45:01.001000+07:00,29.6,,30.4
2026-02-17 23:50:01.001000+07:00,29.8,,30.2
2026-02-17 23:55:01.001000+07:00,29.7,,30.3
2026-02-18 00:00:01.001000+07:00,29.6,,30.3
2026-02-18 00:05:01.001000+07:00,29.6,,
2026-02-18 00:10:01.001000+07:00,29.4,,
2026-02-18 00:15:01.001000+07:00,29.5,,
2026-02-18 00:20:01.001000+07:00,29.7,,
2026-02-18 00:25:01.001000+07:00,29.7,,
2026-02-18 00:30:01.001000+07:00,29.7,,
2026-02-18 00:35:01.001000+07:00,29.7,,
2026-02-18 00:40:01.001000+07:00,29.4,,
2026-02-18 00:45:01.001000+07:00,29.5,,
2026-02-18 00:50:01.001000+07:00,29.4,,
2026-02-18 00:55:01.001000+07:00,29.6,,
2026-02-18 01:00:01.001000+07:00,29.4,,
2026-02-18 01:05:01.001000+07:00,29.6,,
2026-02-18 01:10:01.001000+07:00,29.5,,
2026-02-18 01:15:01.001000+07:00,29.7,,
2026-02-18 01:20:01.001000+07:00,29.4,,
2026-02-18 01:25:01.001000+07:00,29.5,,
2026-02-18 01:30:02.001000+07:00,29.6,,
2026-02-18 01:35:01.001000+07:00,29.6,,
2026-02-18 01:40:01.001000+07:00,29.3,,
2026-02-18 01:45:01.001000+07:00,29.4,,
2026-02-18 01:50:01.001000+07:00,29.4,,
2026-02-18 01:55:01.001000+07:00,29.7,,
2026-02-18 02:00:01.001000+07:00,29.6,,
2026-02-18 02:05:01.001000+07:00,29.7,,
2026-02-18 02:10:01.001000+07:00,29.6,,
2026-02-18 02:15:01.001000+07:00,29.4,,
2026-02-18 02:20:01.001000+07:00,29.3,,
2026-02-18 02:25:01.001000+07:00,29.5,,
2026-02-18 02:30:01.001000+07:00,29.3,,
2026-02-18 02:35:01.001000+07:00,29.6,,
2026-02-18 02:40:01.001000+07:00,29.5,,
2026-02-18 02:45:01.001000+07:00,29.5,,
2026-02-18 02:50:01.001000+07:00,29.6,,
2026-02-18 02:55:01.001000+07:00,29.3,,
2026-02-18 03:00:01.001000+07:00,29.3,,
2026-02-18 03:05:01.001000+07:00,29.4,,
2026-02-18 03:10:01.001000+07:00,29.6,,
2026-02-18 03:15:01.001000+07:00,29.6,,
2026-02-18 03:20:01.001000+07:00,29.3,,
2026-02-18 03:25:01.001000+07:00,29.6,,
2026-02-18 03:30:01.001000+07:00,29.3,,
2026-02-18 03:35:01.001000+07:00,29.6,,
2026-02-18 03:40:01.001000+07:00,29.4,,
2026-02-18 03:45:01.001000+07:00,29.5,,
2026-02-18 03:50:01.001000+07:00,29.2,,
2026-02-18 03:55:01.001000+07:00,29.2,,
2026-02-18 04:00:02.001000+07:00,29.4,,
2026-02-18 04:05:01.001000+07:00,29.3,,
2026-02-18 04:10:01.001000+07:00,29.4,,
2026-02-18 04:15:01.001000+07:00,29.6,,
2026-02-18 04:20:01.001000+07:00,29.3,,
2026-02-18 04:25:01.001000+07:00,29.5,,
2026-02-18 04:30:01.001000+07:00,29.4,,
2026-02-18 04:35:01.001000+07:00,29.6,,
2026-02-18 04:40:01.001000+07:00,29.3,,
2026-02-18 04:45:02.001000+07:00,29.4,,
2026-02-18 04:50:01.001000+07:00,29.2,,
2026-02-18 04:55:01.001000+07:00,29.6,,
2026-02-18 05:00:01.001000+07:00,29.5,,
2026-02-18 05:05:01.001000+07:00,29.5,,
2026-02-18 05:10:01.001000+07:00,29.3,,
2026-02-18 05:15:01.001000+07:00,29.5,,
2026-02-18 05:20:01.001000+07:00,29.5,,
2026-02-18 05:25:01.001000+07:00,29.5,,
2026-02-18 05:30:01.001000+07:00,29.2,,
2026-02-18 05:35:01.001000+07:00,29.2,,
2026-02-18 05:40:01.001000+07:00,29.6,,
2026-02-18 05:45:01.001000+07:00,29.3,,
2026-02-18 05:50:01.001000+07:00,29.3,,
2026-02-18 05:55:01.001000+07:00,29.6,,
2026-02-18 06:00:02.001000+07:00,29.3,,
2026-02-18 06:05:01.001000+07:00,29.3,,
2026-02-18 06:10:01.001000+07:00,29.5,,
2026-02-18 06:15:01.001000+07:00,29.4,,
2026-02-18 06:20:01.001000+07:00,29.3,,
2026-02-18 06:25:01.001000+07:00,29.3,,
2026-02-18 06:30:01.001000+07:00,29.5,,
2026-02-18 06:35:01.001000+07:00,29.4,,
2026-02-18 06:40:01.001000+07:00,29.3,,
2026-02-18 06:45:01.001000+07:00,29.6,,
2026-02-18 06:50:01.001000+07:00,29.6,,
2026-02-18 06:55:01.001000+07:00,29.4,,
2026-02-18 07:00:01.001000+07:00,29.2,,
2026-02-18 07:05:01.001000+07:00,29.6,,
2026-02-18 07:10:01.001000+07:00,29.4,,
2026-02-18 07:15:01.001000+07:00,29.4,,
2026-02-18 07:20:01.001000+07:00,29.3,,
2026-02-18 07:25:01.001000+07:00,29.5,,
2026-02-18 07:30:01.001000+07:00,29.2,,
2026-02-18 07:35:01.001000+07:00,29.3,,
2026-02-18 07:40:01.001000+07:00,29.5,,
2026-02-18 07:45:01.001000+07:00,29.3,,
2026-02-18 07:50:01.001000+07:00,29.5,,
2026-02-18 07:55:01.001000+07:00,29.5,,
2026-02-18 08:00:01.001000+07:00,29.4,,
2026-02-18 08:05:01.001000+07:00,29.2,,
2026-02-18 08:10:01.001000+07:00,29.3,,
2026-02-18 08:15:01.001000+07:00,29.4,,
2026-02-18 08:20:01.001000+07:00,29.5,,
2026-02-18 08:25:01.001000+07:00,29.4,,
2026-02-18 08:30:01.001000+07:00,29.4,,
2026-02-18 08:35:01.001000+07:00,29.6,,
2026-02-18 08:40:01.001000+07:00,29.3,,
2026-02-18 08:45:01.001000+07:00,29.6,,
2026-02-18 08:50:01.001000+07:00,29.6,,
2026-02-18 08:55:01.001000+07:00,29.6,,
2026-02-18 09:00:01.001000+07:00,29.6,,
2026-02-18 09:05:01.001000+07:00,29.5,,
2026-02-18 09:10:01.001000+07:00,29.6,,
2026-02-18 09:15:01.001000+07:00,29.3,,
2026-02-18 09:20:01.001000+07:00,29.6,,
2026-02-18 09:25:01.001000+07:00,29.7,,
2026-02-18 09:30:01.001000+07:00,29.4,,
2026-02-18 09:35:01.001000+07:00,29.6,,
2026-02-18 09:40:01.001000+07:00,29.7,,
2026-02-18 09:45:01.001000+07:00,29.5,,
2026-02-18 09:50:01.001000+07:00,29.4,,
2026-02-18 09:55:01.001000+07:00,29.5,,
2026-02-18 10:00:01.001000+07:00,29.3,,
2026-02-18 10:05:01.001000+07:00,29.5,,
2026-02-18 10:10:01.001000+07:00,29.7,,
2026-02-18 10:15:01.001000+07:00,29.6,,
2026-02-18 10:20:01.001000+07:00,29.6,,
2026-02-18 10:25:01.001000+07:00,29.4,,
2026-02-18 10:30:01.001000+07:00,29.5,,
2026-02-18 10:35:01.001000+07:00,29.8,,
2026-02-18 10:40:01.001000+07:00,29.8,,
2026-02-18 10:45:01.001000+07:00,29.5,,
2026-02-18 10:50:01.001000+07:00,29.7,,
2026-02-18 10:55:01.001000+07:00,29.8,,
2026-02-18 11:00:02.001000+07:00,29.8,,
2026-02-18 11:05:02.001000+07:00,29.7,,
2026-02-18 11:10:01.001000+07:00,29.5,,
2026-02-18 11:15:01.001000+07:00,29.8,,
2026-02-18 11:20:01.001000+07:00,29.5,,
2026-02-18 11:25:01.001000+07:00,29.5,,
2026-02-18 11:30:01.001000+07:00,29.8,,
2026-02-18 11:35:01.001000+07:00,29.9,,
2026-02-18 11:40:01.001000+07:00,29.9,,
2026-02-18 11:45:01.001000+07:00,29.8,,
2026-02-18 11:50:01.001000+07:00,29.6,,
2026-02-18 11:55:01.001000+07:00,29.6,,
2026-02-18 12:00:02.001000+07:00,29.6,,
2026-02-18 12:05:01.001000+07:00,29.8,,
2026-02-18 12:10:01.001000+07:00,29.6,,
2026-02-18 12:15:01.001000+07:00,29.8,,
2026-02-18 12:20:01.001000+07:00,29.5,,
2026-02-18 12:25:01.001000+07:00,29.8,,
2026-02-18 12:30:01.001000+07:00,29.9,,
2026-02-18 12:35:01.001000+07:00,29.6,,
2026-02-18 12:40:01.001000+07:00,29.9,,
2026-02-18 12:45:01.001000+07:00,29.9,,
2026-02-18 12:50:01.001000+07:00,29.6,,
2026-02-18 12:55:01.001000+07:00,29.5,,
2026-02-18 13:00:01.001000+07:00,29.8,,
2026-02-18 13:05:01.001000+07:00,29.6,,
2026-02-18 13:10:01.001000+07:00,29.7,,
2026-02-18 13:15:01.001000+07:00,29.6,,
2026-02-18 13:20:01.001000+07:00,29.7,,
2026-02-18 13:25:01.001000+07:00,30.1,,
2026-02-18 13:30:01.001000+07:00,30.6,,
2026-02-18 13:35:01.001000+07:00,30.7,,
2026-02-18 13:40:01.001000+07:00,30.9,,
2026-02-18 13:45:01.001000+07:00,30.7,,
2026-02-18 13:50:01.001000+07:00,31.0,,
2026-02-18 13:55:01.001000+07:00,31.0,,
2026-02-18 14:00:01.001000+07:00,31.2,,
2026-02-18 14:05:01.001000+07:00,31.3,,
2026-02-18 14:10:01.001000+07:00,31.3,,
2026-02-18 14:15:01.001000+07:00,31.3,,
2026-02-18 14:20:01.001000+07:00,31.4,,
2026-02-18 14:25:01.001000+07:00,31.5,,
2026-02-18 14:30:01.001000+07:00,31.2,,
2026-02-18 14:35:01.001000+07:00,31.3,,
2026-02-18 14:40:01.001000+07:00,31.1,,
2026-02-18 14:45:01.001000+07:00,31.3,,
2026-02-18 14:50:01.001000+07:00,31.5,,
2026-02-18 14:55:01.001000+07:00,31.7,,
2026-02-18 15:00:01.001000+07:00,31.7,,
2026-02-18 15:05:01.001000+07:00,31.8,,
2026-02-18 15:10:01.001000+07:00,31.6,,
2026-02-18 15:15:01.001000+07:00,30.8,,
2026-02-18 15:20:01.001000+07:00,29.2,,
2026-02-18 15:25:01.001000+07:00,27.5,,
2026-02-18 15:30:01.001000+07:00,26.4,,
2026-02-18 15:35:02.001000+07:00,25.7,,
2026-02-18 15:40:01.001000+07:00,25.1,,
2026-02-18 15:45:01.001000+07:00,24.8,,
2026-02-18 15:50:01.001000+07:00,24.8,,
2026-02-18 15:55:01.001000+07:00,25.0,,
2026-02-18 16:00:01.001000+07:00,25.4,,
2026-02-18 16:05:01.001000+07:00,25.2,,
2026-02-18 16:10:02.001000+07:00,24.4,,
2026-02-18 16:15:01.001000+07:00,24.2,,
2026-02-18 16:20:02.001000+07:00,24.8,,
2026-02-18 16:25:01.001000+07:00,25.0,,
2026-02-18 16:30:01.001000+07:00,24.8,,
2026-02-18 16:35:01.001000+07:00,24.6,,
2026-02-18 16:40:02.001000+07:00,24.4,,
2026-02-18 16:45:01.001000+07:00,24.0,,
2026-02-18 16:50:02.001000+07:00,24.0,,
2026-02-18 16:55:01.001000+07:00,23.9,,
2026-02-18 17:00:02.001000+07:00,24.3,,
2026-02-18 17:05:01.001000+07:00,24.0,,
2026-02-18 17:10:01.001000+07:00,24.2,,
2026-02-18 17:15:01.001000+07:00,24.0,,
2026-02-18 17:20:01.001000+07:00,24.1,,
2026-02-18 17:25:01.001000+07:00,23.8,,
2026-02-18 17:30:01.001000+07:00,24.2,,
2026-02-18 17:35:02.001000+07:00,23.8,,
2026-02-18 17:40:01.001000+07:00,23.8,,
2026-02-18 17:45:01.001000+07:00,24.4,,
2026-02-18 17:50:01.001000+07:00,24.9,,
2026-02-18 17:55:01.001000+07:00,25.3,,
2026-02-18 18:00:01.001000+07:00,26.0,,
2026-02-18 18:05:01.001000+07:00,26.4,,
2026-02-18 18:10:01.001000+07:00,26.7,,
2026-02-18 18:15:01.001000+07:00,27.0,,
2026-02-18 18:20:01.001000+07:00,27.1,,
2026-02-18 18:25:01.001000+07:00,27.3,,
2026-02-18 18:30:01.001000+07:00,27.8,,
2026-02-18 18:35:01.001000+07:00,27.9,,
2026-02-18 18:40:01.001000+07:00,28.1,,
2026-02-18 18:45:01.001000+07:00,28.0,,
2026-02-18 18:50:01.001000+07:00,28.0,,
2026-02-18 18:55:01.001000+07:00,28.3,,
2026-02-18 19:00:02.001000+07:00,28.5,,
2026-02-18 19:05:01.001000+07:00,28.4,,
2026-02-18 19:10:01.001000+07:00,28.6,,
2026-02-18 19:15:01.001000+07:00,28.8,,
2026-02-18 19:20:01.001000+07:00,28.7,,
2026-02-18 19:25:01.001000+07:00,28.8,,
2026-02-18 19:30:01.001000+07:00,28.9,,
2026-02-18 19:35:01.001000+07:00,29.0,,
2026-02-18 19:40:01.001000+07:00,29.0,,
2026-02-18 19:45:01.001000+07:00,29.3,,
2026-02-18 19:50:01.001000+07:00,29.5,,
2026-02-18 19:55:01.001000+07:00,29.6,,
2026-02-18 20:00:02.001000+07:00,29.4,,
2026-02-18 20:05:01.001000+07:00,29.5,,
2026-02-18 20:10:01.001000+07:00,29.5,,
2026-02-18 20:15:01.001000+07:00,29.8,,
2026-02-18 20:20:01.001000+07:00,29.9,,
2026-02-18 20:25:01.001000+07:00,29.7,,
2026-02-18 20:30:01.001000+07:00,29.7,,
2026-02-18 20:35:01.001000+07:00,30.1,,
2026-02-18 20:40:02.001000+07:00,30.1,,
2026-02-18 20:45:01.001000+07:00,29.9,,
2026-02-18 20:50:01.001000+07:00,29.9,,
2026-02-18 20:55:01.001000+07:00,30.3,,
2026-02-18 21:00:02.001000+07:00,30.0,,
2026-02-18 21:05:01.001000+07:00,30.1,,
2026-02-18 21:10:01.001000+07:00,30.4,,
2026-02-18 21:15:01.001000+07:00,30.4,,
2026-02-18 21:20:01.001000+07:00,30.4,,
2026-02-18 21:25:01.001000+07:00,30.4,,
2026-02-18 21:30:01.001000+07:00,30.6,,
2026-02-18 21:35:01.001000+07:00,30.4,,
2026-02-18 21:40:01.001000+07:00,30.4,,
2026-02-18 21:45:01.001000+07:00,30.5,,
2026-02-18 21:50:01.001000+07:00,30.7,,
2026-02-18 21:55:01.001000+07:00,30.6,,
2026-02-18 22:00:01.001000+07:00,30.6,,
2026-02-18 22:05:01.001000+07:00,30.5,,
2026-02-18 22:10:01.001000+07:00,30.5,,
2026-02-18 22:15:01.001000+07:00,30.8,,
2026-02-18 22:20:01.001000+07:00,30.5,,
2026-02-18 22:25:01.001000+07:00,30.9,,
2026-02-18 22:30:01.001000+07:00,30.6,,
2026-02-18 22:35:02.001000+07:00,30.7,,
2026-02-18 22:40:01.001000+07:00,30.7,,
2026-02-18 22:45:01.001000+07:00,30.7,,
2026-02-18 22:50:01.001000+07:00,31.1,,
2026-02-18 22:55:01.001000+07:00,31.0,,
2026-02-18 23:00:01.001000+07:00,30.7,,
2026-02-18 23:05:01.001000+07:00,30.9,,
2026-02-18 23:10:02.001000+07:00,30.4,,
2026-02-18 23:15:01.001000+07:00,30.3,,
2026-02-18 23:20:01.001000+07:00,30.3,,
2026-02-18 23:25:01.001000+07:00,30.0,,
2026-02-18 23:30:01.001000+07:00,30.1,,
2026-02-18 23:35:01.001000+07:00,29.8,,
2026-02-18 23:40:01.001000+07:00,29.9,,
2026-02-18 23:45:01.001000+07:00,30.0,,
2026-02-18 23:50:01.001000+07:00,29.9,,
2026-02-18 23:55:01.001000+07:00,29.7,30.5,30.3
2026-02-20 00:00:01.001000+07:00,29.6,30.3,30.3
2026-02-20 00:05:01.001000+07:00,29.4,,30.0
2026-02-20 00:10:02.001000+07:00,29.6,,29.9
2026-02-20 00:15:01.001000+07:00,29.3,,30.3
2026-02-20 00:20:01.001000+07:00,29.5,,30.2
2026-02-20 00:25:01.001000+07:00,29.6,,29.9
2026-02-20 00:30:01.001000+07:00,29.6,,29.9
2026-02-20 00:35:02.001000+07:00,29.6,,29.9
2026-02-20 00:40:01.001000+07:00,29.6,,29.9
2026-02-20 00:45:01.001000+07:00,29.7,,29.9
2026-02-20 00:50:01.001000+07:00,29.4,,30.0
2026-02-20 00:55:01.001000+07:00,29.3,,30.2
2026-02-20 01:00:01.001000+07:00,29.4,,29.7
2026-02-20 01:05:01.001000+07:00,29.5,,30.2
2026-02-20 01:10:01.001000+07:00,29.4,,30.2
2026-02-20 01:15:01.001000+07:00,29.5,,29.9
2026-02-20 01:20:01.001000+07:00,29.6,,30.1
2026-02-20 01:25:01.001000+07:00,29.3,,29.8
2026-02-20 01:30:01.001000+07:00,29.3,,30.1
2026-02-20 01:35:01.001000+07:00,29.5,,29.8
2026-02-20 01:40:01.001000+07:00,29.3,,29.9
2026-02-20 01:45:01.001000+07:00,29.3,,30.0
2026-02-20 01:50:01.001000+07:00,29.5,,30.2
2026-02-20 01:55:02.001000+07:00,29.6,,29.9
2026-02-20 02:00:01.001000+07:00,29.3,,30.1
2026-02-20 02:05:01.001000+07:00,29.3,,30.2
2026-02-20 02:10:01.001000+07:00,29.3,,30.0
2026-02-20 02:15:01.001000+07:00,29.6,,29.9
2026-02-20 02:20:01.001000+07:00,29.3,,29.8
2026-02-20 02:25:01.001000+07:00,29.3,,29.8
2026-02-20 02:30:01.001000+07:00,29.4,,29.8
2026-02-20 02:35:01.001000+07:00,29.3,,29.8
2026-02-20 02:40:01.001000+07:00,29.4,,29.8
2026-02-20 02:45:01.001000+07:00,29.5,,30.1
2026-02-20 02:50:01.001000+07:00,29.3,,30.0
2026-02-20 02:55:01.001000+07:00,29.3,,29.9
2026-02-20 03:00:01.001000+07:00,29.6,,30.0
2026-02-20 03:05:01.001000+07:00,29.6,,30.1
2026-02-20 03:10:01.001000+07:00,29.5,,30.0
2026-02-20 03:15:01.001000+07:00,29.5,,29.8
2026-02-20 03:20:01.001000+07:00,29.5,,30.1
2026-02-20 03:25:01.001000+07:00,29.2,,29.9
2026-02-20 03:30:01.001000+07:00,29.6,,29.9
2026-02-20 03:35:01.001000+07:00,29.2,,30.0
2026-02-20 03:40:01.001000+07:00,29.5,,29.9
2026-02-20 03:45:01.001000+07:00,29.5,,29.9
2026-02-20 03:50:01.001000+07:00,29.5,,30.1
2026-02-20 03:55:01.001000+07:00,29.6,,29.8
2026-02-20 04:00:01.001000+07:00,29.3,,29.9
2026-02-20 04:05:01.001000+07:00,29.3,,29.7
2026-02-20 04:10:01.001000+07:00,29.5,,29.8
2026-02-20 04:15:02.001000+07:00,29.6,,30.1
2026-02-20 04:20:01.001000+07:00,29.6,,29.9
2026-02-20 04:25:01.001000+07:00,29.4,,29.9
2026-02-20 04:30:01.001000+07:00,29.2,,30.0
2026-02-20 04:35:01.001000+07:00,29.2,,29.8
2026-02-20 04:40:01.001000+07:00,29.2,,29.9
2026-02-20 04:45:01.001000+07:00,29.5,,30.1
2026-02-20 04:50:01.001000+07:00,29.5,,30.1
2026-02-20 04:55:01.001000+07:00,29.6,,29.8
2026-02-20 05:00:01.001000+07:00,29.4,,29.8
2026-02-20 05:05:01.001000+07:00,29.2,,29.8
2026-02-20 05:10:01.001000+07:00,29.2,,29.8
2026-02-20 05:15:01.001000+07:00,29.3,,30.1
2026-02-20 05:20:01.001000+07:00,29.2,,30.1
2026-02-20 05:25:01.001000+07:00,29.3,,30.1
2026-02-20 05:30:01.001000+07:00,29.3,,29.8
2026-02-20 05:35:01.001000+07:00,29.3,,29.8
2026-02-20 05:40:01.001000+07:00,29.6,,30.0
2026-02-20 05:45:01.001000+07:00,29.4,,29.8
2026-02-20 05:50:01.001000+07:00,29.3,,29.8
2026-02-20 05:55:01.001000+07:00,29.6,,30.1
2026-02-20 06:00:02.001000+07:00,29.4,,30.1
2026-02-20 06:05:01.001000+07:00,29.6,,30.0
2026-02-20 06:10:01.001000+07:00,29.5,,29.8
2026-02-20 06:15:01.001000+07:00,29.6,,29.8
2026-02-20 06:20:01.001000+07:00,29.2,,29.8
2026-02-20 06:25:01.001000+07:00,29.3,,29.9
2026-02-20 06:30:01.001000+07:00,29.3,,29.8
2026-02-20 06:35:01.001000+07:00,29.2,,29.8
2026-02-20 06:40:01.001000+07:00,29.3,,29.8
2026-02-20 06:45:01.001000+07:00,29.3,,30.1
2026-02-20 06:50:01.001000+07:00,29.2,,29.7
2026-02-20 06:55:01.001000+07:00,29.5,,29.8
2026-02-20 07:00:01.001000+07:00,29.4,,30.0
2026-02-20 07:05:01.001000+07:00,29.2,,29.9
2026-02-20 07:10:01.001000+07:00,29.5,,30.1
2026-02-20 07:15:01.001000+07:00,29.2,,30.0
2026-02-20 07:20:01.001000+07:00,29.3,,30.1
2026-02-20 07:25:01.001000+07:00,29.5,,30.0
2026-02-20 07:30:01.001000+07:00,29.3,,29.8
2026-02-20 07:35:02.001000+07:00,29.3,,30.1
2026-02-20 07:40:01.001000+07:00,29.2,,29.8
2026-02-20 07:45:01.001000+07:00,29.5,,29.7
2026-02-20 07:50:01.001000+07:00,29.5,,29.7
2026-02-20 07:55:01.001000+07:00,29.2,,30.1
2026-02-20 08:00:01.001000+07:00,29.1,,29.8
2026-02-20 08:05:01.001000+07:00,29.4,,29.7
2026-02-20 08:10:01.001000+07:00,29.5,,30.0
2026-02-20 08:15:01.001000+07:00,29.5,,29.9
2026-02-20 08:20:01.001000+07:00,29.2,,30.1
2026-02-20 08:25:01.001000+07:00,29.2,,29.8
2026-02-20 08:30:01.001000+07:00,29.2,,30.0
2026-02-20 08:35:01.001000+07:00,29.4,,29.8
2026-02-20 08:40:01.001000+07:00,29.5,,29.8
2026-02-20 08:45:01.001000+07:00,29.5,,29.8
2026-02-20 08:50:01.001000+07:00,29.3,,30.1
2026-02-20 08:55:01.001000+07:00,29.6,,29.8
2026-02-20 09:00:02.001000+07:00,29.4,,30.0
2026-02-20 09:05:01.001000+07:00,29.5,,30.0
2026-02-20 09:10:02.001000+07:00,29.5,,29.8
2026-02-20 09:15:02.001000+07:00,29.4,,29.8
2026-02-20 09:20:01.001000+07:00,29.5,,30.2
2026-02-20 09:25:01.001000+07:00,29.6,,30.2
2026-02-20 09:30:01.001000+07:00,29.5,,30.0
2026-02-20 09:35:01.001000+07:00,29.7,,29.9
2026-02-20 09:40:01.001000+07:00,29.5,,30.1
2026-02-20 09:45:01.001000+07:00,29.7,,29.8
2026-02-20 09:50:02.001000+07:00,29.7,,30.2
2026-02-20 09:55:01.001000+07:00,29.3,,30.0
2026-02-20 10:00:01.001000+07:00,29.7,,29.9
2026-02-20 10:05:01.001000+07:00,29.4,,29.9
2026-02-20 10:10:01.001000+07:00,29.6,,29.9
2026-02-20 10:15:02.001000+07:00,29.7,,29.9
2026-02-20 10:20:01.001000+07:00,29.7,,30.1
2026-02-20 10:25:01.001000+07:00,29.4,,30.1
2026-02-20 10:30:01.001000+07:00,29.8,,30.4
2026-02-20 10:35:01.001000+07:00,29.7,,30.4
2026-02-20 10:40:01.001000+07:00,29.8,,30.1
2026-02-20 10:45:01.001000+07:00,29.7,,30.3
2026-02-20 10:50:01.001000+07:00,29.9,,30.1
2026-02-20 10:55:01.001000+07:00,29.9,,30.2
2026-02-20 11:00:01.001000+07:00,29.9,,30.2
2026-02-20 11:05:01.001000+07:00,29.7,,30.3
2026-02-20 11:10:01.001000+07:00,29.5,,30.1
2026-02-20 11:15:01.001000+07:00,29.7,,29.9
2026-02-20 11:20:01.001000+07:00,29.5,,30.3
2026-02-20 11:25:01.001000+07:00,29.7,,30.1
2026-02-20 11:30:01.001000+07:00,29.6,,29.9
2026-02-20 11:35:01.001000+07:00,29.8,,30.2
2026-02-20 11:40:01.001000+07:00,29.5,,29.9
2026-02-20 11:45:01.001000+07:00,29.9,,30.0
2026-02-20 11:50:01.001000+07:00,29.8,,30.1
2026-02-20 11:55:01.001000+07:00,29.5,,30.2
2026-02-20 12:00:01.001000+07:00,29.4,,30.1
2026-02-20 12:05:01.001000+07:00,29.5,,30.4
2026-02-20 12:10:01.001000+07:00,29.7,,30.1
2026-02-20 12:15:01.001000+07:00,29.6,,30.0
2026-02-20 12:20:01.001000+07:00,29.5,,30.3
2026-02-20 12:25:01.001000+07:00,29.4,,29.9
2026-02-20 12:30:01.001000+07:00,29.4,,29.9
2026-02-20 12:35:01.001000+07:00,29.8,,30.1
2026-02-20 12:40:01.001000+07:00,29.8,,30.0
2026-02-20 12:45:01.001000+07:00,29.6,,30.3
2026-02-20 12:50:02.001000+07:00,29.4,,30.3
2026-02-20 12:55:01.001000+07:00,29.6,,30.0
2026-02-20 13:00:02.001000+07:00,29.6,,30.3
2026-02-20 13:05:01.001000+07:00,29.7,,30.1
2026-02-20 13:10:01.001000+07:00,29.4,,30.0
2026-02-20 13:15:01.001000+07:00,29.5,,30.2
2026-02-20 13:20:02.001000+07:00,29.7,,30.0
2026-02-20 13:25:01.001000+07:00,29.5,,30.0
2026-02-20 13:30:01.001000+07:00,29.9,,30.4
2026-02-20 13:35:01.001000+07:00,29.8,,30.2
2026-02-20 13:40:01.001000+07:00,29.8,,30.2
2026-02-20 13:45:01.001000+07:00,30.9,,30.4
2026-02-20 13:50:01.001000+07:00,30.7,,31.0
2026-02-20 13:55:01.001000+07:00,30.8,,30.9
2026-02-20 14:00:01.001000+07:00,31.0,,31.3
2026-02-20 14:05:01.001000+07:00,30.9,,31.2
2026-02-20 14:10:01.001000+07:00,31.4,,31.4
2026-02-20 14:15:01.001000+07:00,31.0,,31.3
2026-02-20 14:20:01.001000+07:00,31.3,,31.3
2026-02-20 14:25:01.001000+07:00,31.3,,31.7
2026-02-20 14:30:01.001000+07:00,31.3,,31.5
2026-02-20 14:35:01.001000+07:00,31.4,,31.8
2026-02-20 14:40:01.001000+07:00,31.8,,31.6
2026-02-20 14:45:01.001000+07:00,31.8,,31.7
2026-02-20 14:50:01.001000+07:00,31.7,,31.7
2026-02-20 14:55:01.001000+07:00,32.0,,32.1
2026-02-20 15:00:02.001000+07:00,31.8,,32.1
2026-02-20 15:05:02.001000+07:00,31.8,,32.3
2026-02-20 15:10:01.001000+07:00,31.8,,32.3
2026-02-20 15:15:01.001000+07:00,32.0,,32.0
2026-02-20 15:20:01.001000+07:00,32.1,,32.4
2026-02-20 15:25:01.001000+07:00,32.0,,32.3
2026-02-20 15:30:01.001000+07:00,32.0,,32.4
2026-02-20 15:35:01.001000+07:00,32.0,,32.5
2026-02-20 15:40:01.001000+07:00,32.3,,32.2
2026-02-20 15:45:01.001000+07:00,32.1,,32.2
2026-02-20 15:50:02.001000+07:00,32.5,,32.4
2026-02-20 15:55:01.001000+07:00,32.2,,32.3
2026-02-20 16:00:02.001000+07:00,32.4,,32.3
2026-02-20 16:05:01.001000+07:00,32.3,,32.5
2026-02-20 16:10:01.001000+07:00,32.2,,32.4
2026-02-20 16:15:01.001000+07:00,32.3,,32.5
2026-02-20 16:20:01.001000+07:00,32.3,,32.4
2026-02-20 16:25:01.001000+07:00,32.6,,32.9
2026-02-20 16:30:01.001000+07:00,32.7,,33.0
2026-02-20 16:35:01.001000+07:00,32.8,,32.8
2026-02-20 16:40:02.001000+07:00,32.6,,32.8
2026-02-20 16:45:01.001000+07:00,32.6,,32.4
2026-02-20 16:50:01.001000+07:00,32.5,,32.9
2026-02-20 16:55:01.001000+07:00,32.7,,33.0
2026-02-20 17:00:02.001000+07:00,32.9,,33.0
2026-02-20 17:05:01.001000+07:00,32.8,,32.7
2026-02-20 17:10:02.001000+07:00,32.8,,32.9
2026-02-20 17:15:01.001000+07:00,32.6,,33.0
2026-02-20 17:20:01.001000+07:00,32.9,,32.8
2026-02-20 17:25:01.001000+07:00,32.9,,33.0
2026-02-20 17:30:01.001000+07:00,32.9,,33.1
2026-02-20 17:35:01.001000+07:00,32.7,,32.7
2026-02-20 17:40:02.001000+07:00,32.7,,32.7
2026-02-20 17:45:01.001000+07:00,32.9,,32.8
2026-02-20 17:50:02.001000+07:00,33.1,,33.0
2026-02-20 17:55:01.001000+07:00,32.8,,32.9
2026-02-20 18:00:02.001000+07:00,33.0,,32.9
2026-02-20 18:05:01.001000+07:00,33.1,,33.2
2026-02-20 18:10:01.001000+07:00,32.8,,33.0
2026-02-20 18:15:01.001000+07:00,33.1,,33.0
2026-02-20 18:20:01.001000+07:00,32.9,,32.8
2026-02-20 18:25:01.001000+07:00,33.0,,32.9
2026-02-20 18:30:01.001000+07:00,32.9,,33.1
2026-02-20 18:35:01.001000+07:00,33.2,,32.9
2026-02-20 18:40:01.001000+07:00,32.8,,33.0
2026-02-20 18:45:01.001000+07:00,33.2,,32.9
2026-02-20 18:50:02.001000+07:00,33.0,,32.8
2026-02-20 18:55:01.001000+07:00,33.0,,33.3
2026-02-20 19:00:02.001000+07:00,33.1,,33.0
2026-02-20 19:05:01.001000+07:00,32.9,,33.0
2026-02-20 19:10:02.001000+07:00,33.1,,33.3
2026-02-20 19:15:01.001000+07:00,-40.5,,-40.0
2026-02-20 19:20:02.001000+07:00,-40.5,,-40.0
2026-02-20 19:25:01.001000+07:00,-40.5,,-40.0
2026-02-20 19:30:01.001000+07:00,-40.5,,-40.0
2026-02-20 19:35:01.001000+07:00,-40.5,,-40.0
2026-02-20 19:40:01.001000+07:00,-40.5,,-40.0
2026-02-20 19:45:01.001000+07:00,-40.5,,-40.0
2026-02-20 19:50:01.001000+07:00,-40.5,,-40.0
2026-02-20 19:55:02.001000+07:00,32.3,,32.8
2026-02-20 20:00:01.001000+07:00,32.6,,33.1
2026-02-20 20:05:01.001000+07:00,33.1,,33.3
2026-02-20 20:10:01.001000+07:00,32.9,,33.5
2026-02-20 20:15:01.001000+07:00,33.4,,33.6
2026-02-20 20:20:01.001000+07:00,33.2,,33.6
2026-02-20 20:25:01.001000+07:00,33.1,,33.1
2026-02-20 20:30:01.001000+07:00,32.6,,33.1
2026-02-20 20:35:01.001000+07:00,32.7,,33.1
2026-02-20 20:40:01.001000+07:00,32.6,,32.8
2026-02-20 20:45:02.001000+07:00,32.1,,32.6
2026-02-20 20:50:01.001000+07:00,32.2,,32.6
2026-02-20 20:55:01.001000+07:00,32.0,,32.7
2026-02-20 21:00:01.001000+07:00,32.0,,32.5
2026-02-20 21:05:01.001000+07:00,31.7,,32.6
2026-02-20 21:10:01.001000+07:00,32.0,,32.2
2026-02-20 21:15:01.001000+07:00,32.0,,32.4
2026-02-20 21:20:01.001000+07:00,31.6,,32.4
2026-02-20 21:25:01.001000+07:00,31.8,,32.4
2026-02-20 21:30:01.001000+07:00,31.8,,32.3
2026-02-20 21:35:01.001000+07:00,31.5,,32.3
2026-02-20 21:40:01.001000+07:00,31.6,,32.1
2026-02-20 21:45:01.001000+07:00,31.3,,32.2
2026-02-20 21:50:01.001000+07:00,31.4,,32.2
2026-02-20 21:55:01.001000+07:00,31.3,,31.8
2026-02-20 22:00:03.001000+07:00,31.4,,31.8
2026-02-20 22:05:01.001000+07:00,31.4,,32.1
2026-02-20 22:10:01.001000+07:00,31.1,,31.8
2026-02-20 22:15:01.001000+07:00,31.3,,32.0
2026-02-20 22:20:01.001000+07:00,31.2,,31.9
2026-02-20 22:25:01.001000+07:00,31.2,,31.7
2026-02-20 22:30:01.001000+07:00,31.5,,31.8
2026-02-20 22:35:02.001000+07:00,31.4,,31.8
2026-02-20 22:40:01.001000+07:00,31.2,,31.9
2026-02-20 22:45:01.001000+07:00,31.0,,31.9
2026-02-20 22:50:01.001000+07:00,31.3,,31.8
2026-02-20 22:55:01.001000+07:00,31.3,,31.6
2026-02-20 23:00:01.001000+07:00,31.2,,31.7
2026-02-20 23:05:01.001000+07:00,31.1,,31.4
2026-02-20 23:10:01.001000+07:00,31.0,,31.5
2026-02-20 23:15:01.001000+07:00,31.1,,31.7
2026-02-20 23:20:01.001000+07:00,30.8,,31.3
2026-02-20 23:25:01.001000+07:00,31.0,,31.4
2026-02-20 23:30:01.001000+07:00,30.9,,31.5
2026-02-20 23:35:01.001000+07:00,30.8,,31.4
2026-02-20 23:40:01.001000+07:00,30.7,,31.4
2026-02-20 23:45:01.001000+07:00,30.9,,31.6
2026-02-20 23:50:01.001000+07:00,31.0,,31.4
2026-02-20 23:55:01.001000+07:00,30.7,31.4,31.4
2026-02-21 00:00:01.001000+07:00,31.0,31.4,31.4
2026-02-21 00:05:01.001000+07:00,31.1,31.7,
2026-02-21 00:10:01.001000+07:00,30.9,31.4,
2026-02-21 00:15:02.001000+07:00,31.0,31.5,
2026-02-21 00:20:01.001000+07:00,30.8,31.3,
2026-02-21 00:25:01.001000+07:00,31.0,31.6,
2026-02-21 00:30:01.001000+07:00,31.0,31.5,
2026-02-21 00:35:01.001000+07:00,30.7,31.5,
2026-02-21 00:40:01.001000+07:00,30.8,31.3,
2026-02-21 00:45:01.001000+07:00,30.7,31.6,
2026-02-21 00:50:01.001000+07:00,30.8,31.5,
2026-02-21 00:55:01.001000+07:00,30.8,31.4,
2026-02-21 01:00:01.001000+07:00,30.9,31.4,
2026-02-21 01:05:01.001000+07:00,30.6,31.5,
2026-02-21 01:10:02.001000+07:00,30.6,31.4,
2026-02-21 01:15:01.001000+07:00,30.9,31.2,
2026-02-21 01:20:01.001000+07:00,30.5,31.5,
2026-02-21 01:25:01.001000+07:00,30.7,31.4,
2026-02-21 01:30:01.001000+07:00,30.8,31.6,
2026-02-21 01:35:01.001000+07:00,30.5,31.3,
2026-02-21 01:40:01.001000+07:00,30.5,31.2,
2026-02-21 01:45:01.001000+07:00,30.5,31.5,
2026-02-21 01:50:01.001000+07:00,30.8,31.3,
2026-02-21 01:55:01.001000+07:00,30.9,31.5,
2026-02-21 02:00:01.001000+07:00,30.8,31.2,
2026-02-21 02:05:01.001000+07:00,30.4,31.2,
2026-02-21 02:10:01.001000+07:00,30.7,31.5,
2026-02-21 02:15:01.001000+07:00,30.6,31.2,
2026-02-21 02:20:01.001000+07:00,30.8,31.4,
2026-02-21 02:25:01.001000+07:00,30.4,31.5,
2026-02-21 02:30:01.001000+07:00,30.4,31.3,
2026-02-21 02:35:01.001000+07:00,30.7,31.4,
2026-02-21 02:40:02.001000+07:00,30.5,31.3,
2026-02-21 02:45:01.001000+07:00,30.4,31.3,
2026-02-21 02:50:01.001000+07:00,30.4,31.4,
2026-02-21 02:55:01.001000+07:00,30.7,31.3,
2026-02-21 03:00:01.001000+07:00,30.4,31.2,
2026-02-21 03:05:01.001000+07:00,30.7,31.3,
2026-02-21 03:10:01.001000+07:00,30.7,31.1,
2026-02-21 03:15:01.001000+07:00,30.4,31.1,
2026-02-21 03:20:01.001000+07:00,30.4,31.3,
2026-02-21 03:25:01.001000+07:00,30.6,31.3,
2026-02-21 03:30:01.001000+07:00,30.5,31.0,
2026-02-21 03:35:01.001000+07:00,30.6,31.0,
2026-02-21 03:40:01.001000+07:00,30.4,31.1,
2026-02-21 03:45:01.001000+07:00,30.3,31.2,
2026-02-21 03:50:01.001000+07:00,30.6,31.0,
2026-02-21 03:55:01.001000+07:00,30.3,31.1,
2026-02-21 04:00:01.001000+07:00,30.3,31.1,
2026-02-21 04:05:01.001000+07:00,30.4,31.0,
2026-02-21 04:10:01.001000+07:00,30.5,31.0,
2026-02-21 04:15:01.001000+07:00,30.5,31.2,
2026-02-21 04:20:01.001000+07:00,30.4,31.1,
2026-02-21 04:25:01.001000+07:00,30.3,31.3,
2026-02-21 04:30:01.001000+07:00,30.5,31.2,
2026-02-21 04:35:01.001000+07:00,30.3,31.3,
2026-02-21 04:40:02.001000+07:00,30.5,31.3,
2026-02-21 04:45:01.001000+07:00,30.5,30.9,
2026-02-21 04:50:01.001000+07:00,30.2,31.2,
2026-02-21 04:55:01.001000+07:00,30.4,31.2,
2026-02-21 05:00:01.001000+07:00,30.5,31.0,
2026-02-21 05:05:01.001000+07:00,30.5,31.2,
2026-02-21 05:10:01.001000+07:00,30.5,31.2,
2026-02-21 05:15:01.001000+07:00,30.1,31.2,
2026-02-21 05:20:01.001000+07:00,30.3,30.9,
2026-02-21 05:25:01.001000+07:00,30.5,31.1,
2026-02-21 05:30:01.001000+07:00,30.3,30.9,
2026-02-21 05:35:01.001000+07:00,30.5,31.1,
2026-02-21 05:40:01.001000+07:00,30.4,31.2,
2026-02-21 05:45:01.001000+07:00,30.2,31.1,
2026-02-21 05:50:01.001000+07:00,30.2,31.0,
2026-02-21 05:55:01.001000+07:00,30.4,31.0,
2026-02-21 06:00:02.001000+07:00,30.1,30.9,
2026-02-21 06:05:02.001000+07:00,30.3,30.8,
2026-02-21 06:10:01.001000+07:00,30.5,31.1,
2026-02-21 06:15:01.001000+07:00,30.3,30.8,
2026-02-21 06:20:01.001000+07:00,30.3,31.1,
2026-02-21 06:25:01.001000+07:00,30.4,31.0,
2026-02-21 06:30:01.001000+07:00,30.1,31.0,
2026-02-21 06:35:01.001000+07:00,30.2,30.8,
2026-02-21 06:40:01.001000+07:00,30.1,31.0,
2026-02-21 06:45:01.001000+07:00,30.3,31.1,
2026-02-21 06:50:02.001000+07:00,30.2,31.0,
2026-02-21 06:55:01.001000+07:00,30.2,31.0,
2026-02-21 07:00:02.001000+07:00,30.1,30.9,
2026-02-21 07:05:01.001000+07:00,30.1,30.8,
2026-02-21 07:10:01.001000+07:00,30.1,30.8,
2026-02-21 07:15:01.001000+07:00,30.1,31.1,
2026-02-21 07:20:01.001000+07:00,30.4,30.9,
2026-02-21 07:25:01.001000+07:00,30.1,31.0,
2026-02-21 07:30:01.001000+07:00,30.4,31.0,
2026-02-21 07:35:01.001000+07:00,30.3,30.8,
2026-02-21 07:40:01.001000+07:00,30.4,30.8,
2026-02-21 07:45:01.001000+07:00,30.1,31.1,
2026-02-21 07:50:01.001000+07:00,30.2,30.8,
2026-02-21 07:55:01.001000+07:00,30.1,30.8,
2026-02-21 08:00:02.001000+07:00,30.1,31.0,
2026-02-21 08:05:01.001000+07:00,30.2,30.9,
2026-02-21 08:10:01.001000+07:00,30.4,30.7,
2026-02-21 08:15:02.001000+07:00,30.2,30.7,
2026-02-21 08:20:01.001000+07:00,30.2,30.8,
2026-02-21 08:25:01.001000+07:00,30.3,31.1,
2026-02-21 08:30:01.001000+07:00,30.4,31.0,
2026-02-21 08:35:01.001000+07:00,30.2,31.1,
2026-02-21 08:40:01.001000+07:00,30.2,31.1,
2026-02-21 08:45:01.001000+07:00,30.4,31.0,
2026-02-21 08:50:01.001000+07:00,30.3,30.7,
2026-02-21 08:55:01.001000+07:00,30.3,30.8,
2026-02-21 09:00:01.001000+07:00,30.1,30.8,
2026-02-21 09:05:01.001000+07:00,30.5,31.0,
2026-02-21 09:10:01.001000+07:00,30.2,31.0,
2026-02-21 09:15:01.001000+07:00,30.4,31.1,
2026-02-21 09:20:01.001000+07:00,30.2,31.0,
2026-02-21 09:25:01.001000+07:00,30.2,31.0,
2026-02-21 09:30:01.001000+07:00,30.2,31.1,
2026-02-21 09:35:01.001000+07:00,30.8,31.1,
2026-02-21 09:40:01.001000+07:00,31.3,31.1,
2026-02-21 09:45:01.001000+07:00,31.3,31.5,
2026-02-21 09:50:01.001000+07:00,31.4,31.7,
2026-02-21 09:55:01.001000+07:00,31.6,31.6,
2026-02-21 10:00:02.001000+07:00,31.8,31.6,
2026-02-21 10:05:02.001000+07:00,31.8,31.9,
2026-02-21 10:10:01.001000+07:00,31.8,31.9,
2026-02-21 10:15:01.001000+07:00,32.0,31.9,
2026-02-21 10:20:01.001000+07:00,32.1,32.0,
2026-02-21 10:25:01.001000+07:00,32.1,32.2,
2026-02-21 10:30:01.001000+07:00,31.9,32.2,
2026-02-21 10:35:01.001000+07:00,32.3,32.1,
2026-02-21 10:40:01.001000+07:00,32.1,32.2,
2026-02-21 10:45:01.001000+07:00,32.2,32.3,
2026-02-21 10:50:01.001000+07:00,32.3,32.1,
2026-02-21 10:55:01.001000+07:00,32.4,32.2,
2026-02-21 11:00:02.001000+07:00,32.4,32.2,
2026-02-21 11:05:01.001000+07:00,32.3,32.5,
2026-02-21 11:10:01.001000+07:00,32.7,32.7,
2026-02-21 11:15:01.001000+07:00,32.6,32.6,
2026-02-21 11:20:01.001000+07:00,32.8,32.8,
2026-02-21 11:25:02.001000+07:00,32.5,32.9,
2026-02-21 11:30:01.001000+07:00,32.7,33.0,
2026-02-21 11:35:01.001000+07:00,32.9,33.0,
2026-02-21 11:40:01.001000+07:00,32.9,33.1,
2026-02-21 11:45:01.001000+07:00,32.8,33.4,
2026-02-21 11:50:01.001000+07:00,32.6,33.2,
2026-02-21 11:55:01.001000+07:00,32.9,33.2,
2026-02-21 12:00:01.001000+07:00,32.9,33.7,
2026-02-21 12:05:01.001000+07:00,33.0,33.8,
2026-02-21 12:10:01.001000+07:00,32.8,33.6,
2026-02-21 12:15:01.001000+07:00,32.9,33.6,
2026-02-21 12:20:01.001000+07:00,32.8,33.6,
2026-02-21 12:25:01.001000+07:00,33.1,33.8,
2026-02-21 12:30:01.001000+07:00,33.0,33.7,
2026-02-21 12:35:01.001000+07:00,33.1,33.6,
2026-02-21 12:40:01.001000+07:00,32.9,33.7,
2026-02-21 12:45:01.001000+07:00,33.3,33.9,
2026-02-21 12:50:01.001000+07:00,33.3,33.7,
2026-02-21 12:55:01.001000+07:00,33.3,33.6,
2026-02-21 13:00:01.001000+07:00,33.1,33.6,
2026-02-21 13:05:01.001000+07:00,33.0,33.7,
2026-02-21 13:10:01.001000+07:00,33.1,34.0,
2026-02-21 13:15:01.001000+07:00,33.3,33.9,
2026-02-21 13:20:01.001000+07:00,33.3,33.7,
2026-02-21 13:25:01.001000+07:00,33.2,34.0,
2026-02-21 13:30:01.001000+07:00,33.1,33.4,
2026-02-21 13:35:01.001000+07:00,33.0,33.3,
2026-02-21 13:40:01.001000+07:00,32.5,33.3,
2026-02-21 13:45:02.001000+07:00,32.4,33.2,
2026-02-21 13:50:01.001000+07:00,32.1,33.1,
2026-02-21 13:55:01.001000+07:00,32.4,32.8,
2026-02-21 14:00:01.001000+07:00,32.4,32.8,
2026-02-21 14:05:01.001000+07:00,33.1,33.1,
2026-02-21 14:10:01.001000+07:00,33.7,33.5,
2026-02-21 14:15:01.001000+07:00,33.6,33.4,
2026-02-21 14:20:01.001000+07:00,33.9,33.8,
2026-02-21 14:25:01.001000+07:00,33.8,33.4,
2026-02-21 14:30:01.001000+07:00,33.8,33.5,
2026-02-21 14:35:01.001000+07:00,33.8,33.4,
2026-02-21 14:40:01.001000+07:00,33.7,33.6,
2026-02-21 14:45:01.001000+07:00,33.4,33.5,
2026-02-21 14:50:01.001000+07:00,33.9,33.4,
2026-02-21 14:55:01.001000+07:00,33.7,33.4,
2026-02-21 15:00:01.001000+07:00,34.0,33.7,
2026-02-21 15:05:01.001000+07:00,33.9,33.5,
2026-02-21 15:10:01.001000+07:00,33.7,33.4,
2026-02-21 15:15:01.001000+07:00,33.8,33.6,
2026-02-21 15:20:01.001000+07:00,33.9,33.6,
2026-02-21 15:25:01.001000+07:00,34.0,33.4,
2026-02-21 15:30:01.001000+07:00,33.8,33.8,
2026-02-21 15:35:01.001000+07:00,33.8,33.9,
2026-02-21 15:40:01.001000+07:00,33.9,33.8,
2026-02-21 15:45:01.001000+07:00,33.7,33.6,
2026-02-21 15:50:01.001000+07:00,33.8,33.9,
2026-02-21 15:55:01.001000+07:00,33.7,33.5,
2026-02-21 16:00:02.001000+07:00,33.7,33.7,
2026-02-21 16:05:01.001000+07:00,34.0,33.6,
2026-02-21 16:10:01.001000+07:00,33.9,33.6,
2026-02-21 16:15:02.001000+07:00,34.0,33.5,
2026-02-21 16:20:01.001000+07:00,33.7,33.8,
2026-02-21 16:25:01.001000+07:00,34.0,33.9,
2026-02-21 16:30:01.001000+07:00,33.9,33.5,
2026-02-21 16:35:01.001000+07:00,34.0,33.7,
2026-02-21 16:40:01.001000+07:00,33.8,33.5,
2026-02-21 16:45:01.001000+07:00,33.7,33.6,
2026-02-21 16:50:01.001000+07:00,33.9,33.7,
2026-02-21 16:55:01.001000+07:00,34.0,33.5,
2026-02-21 17:00:01.001000+07:00,33.9,33.5,
2026-02-21 17:05:01.001000+07:00,33.7,33.6,
2026-02-21 17:10:02.001000+07:00,33.7,33.9,
2026-02-21 17:15:01.001000+07:00,33.8,33.7,
2026-02-21 17:20:01.001000+07:00,34.0,33.6,
2026-02-21 17:25:01.001000+07:00,34.1,33.7,
2026-02-21 17:30:01.001000+07:00,33.8,33.8,
2026-02-21 17:35:01.001000+07:00,34.0,33.6,
2026-02-21 17:40:01.001000+07:00,33.7,33.6,
2026-02-21 17:45:01.001000+07:00,33.8,33.7,
2026-02-21 17:50:01.001000+07:00,34.1,33.5,
2026-02-21 17:55:01.001000+07:00,33.7,33.6,
2026-02-21 18:00:01.001000+07:00,33.7,33.6,
2026-02-21 18:05:01.001000+07:00,33.9,33.9,
2026-02-21 18:10:01.001000+07:00,34.0,33.7,
2026-02-21 18:15:01.001000+07:00,33.8,33.7,
2026-02-21 18:20:01.001000+07:00,33.7,33.7,
2026-02-21 18:25:01.001000+07:00,33.8,33.9,
2026-02-21 18:30:02.001000+07:00,33.7,33.6,
2026-02-21 18:35:01.001000+07:00,34.0,33.8,
2026-02-21 18:40:01.001000+07:00,33.7,33.7,
2026-02-21 18:45:01.001000+07:00,33.8,33.6,
2026-02-21 18:50:01.001000+07:00,33.9,33.6,
2026-02-21 18:55:01.001000+07:00,33.9,33.8,
2026-02-21 19:00:02.001000+07:00,34.1,33.7,
2026-02-21 19:05:01.001000+07:00,33.8,33.8,
2026-02-21 19:10:01.001000+07:00,34.1,33.8,
2026-02-21 19:15:02.001000+07:00,33.8,33.7,
2026-02-21 19:20:01.001000+07:00,33.8,33.8,
2026-02-21 19:25:01.001000+07:00,34.0,33.6,
2026-02-21 19:30:01.001000+07:00,34.0,33.8,
2026-02-21 19:35:01.001000+07:00,34.0,33.8,
2026-02-21 19:40:01.001000+07:00,34.1,33.8,
2026-02-21 19:45:01.001000+07:00,33.9,33.8,
2026-02-21 19:50:01.001000+07:00,33.9,33.9,
2026-02-21 19:55:01.001000+07:00,34.2,34.0,
2026-02-21 20:00:02.001000+07:00,34.1,34.0,
2026-02-21 20:05:01.001000+07:00,34.1,34.0,
2026-02-21 20:10:01.001000+07:00,34.2,34.1,
2026-02-21 20:15:01.001000+07:00,33.9,34.0,
2026-02-21 20:20:01.001000+07:00,34.2,33.8,
2026-02-21 20:25:01.001000+07:00,33.9,33.9,
2026-02-21 20:30:01.001000+07:00,34.2,33.8,
2026-02-21 20:35:01.001000+07:00,34.0,34.1,
2026-02-21 20:40:01.001000+07:00,34.1,34.0,
2026-02-21 20:45:01.001000+07:00,33.9,34.1,
2026-02-21 20:50:01.001000+07:00,33.9,34.1,
2026-02-21 20:55:01.001000+07:00,34.0,33.8,
2026-02-21 21:00:01.001000+07:00,34.2,33.7,
2026-02-21 21:05:01.001000+07:00,34.2,34.2,
2026-02-21 21:10:01.001000+07:00,34.0,33.8,
2026-02-21 21:15:01.001000+07:00,34.1,34.0,
2026-02-21 21:20:01.001000+07:00,33.9,34.0,
2026-02-21 21:25:01.001000+07:00,34.2,33.8,
2026-02-21 21:30:01.001000+07:00,33.9,34.0,
2026-02-21 21:35:01.001000+07:00,33.9,33.8,
2026-02-21 21:40:01.001000+07:00,33.9,34.1,
2026-02-21 21:45:01.001000+07:00,33.9,33.9,
2026-02-21 21:50:01.001000+07:00,34.3,34.0,
2026-02-21 21:55:01.001000+07:00,34.0,34.1,
2026-02-21 22:00:01.001000+07:00,34.1,33.8,
2026-02-21 22:05:01.001000+07:00,34.3,33.9,
2026-02-21 22:10:01.001000+07:00,33.9,34.1,
2026-02-21 22:15:02.001000+07:00,34.0,33.9,
2026-02-21 22:20:01.001000+07:00,33.9,34.0,
2026-02-21 22:25:01.001000+07:00,34.3,34.1,
2026-02-21 22:30:01.001000+07:00,34.2,33.9,
2026-02-21 22:35:01.001000+07:00,34.2,34.0,
2026-02-21 22:40:01.001000+07:00,34.3,34.1,
2026-02-21 22:45:01.001000+07:00,34.2,34.0,
2026-02-21 22:50:01.001000+07:00,34.1,33.8,
2026-02-21 22:55:01.001000+07:00,34.1,33.8,
2026-02-21 23:00:01.001000+07:00,34.1,33.8,
2026-02-21 23:05:01.001000+07:00,34.2,34.1,
2026-02-21 23:10:01.001000+07:00,34.0,33.9,
2026-02-21 23:15:01.001000+07:00,34.0,33.9,
2026-02-21 23:20:01.001000+07:00,33.9,33.9,
2026-02-21 23:25:01.001000+07:00,34.0,34.0,
2026-02-21 23:30:01.001000+07:00,34.3,33.9,
2026-02-21 23:35:01.001000+07:00,34.0,34.2,
2026-02-21 23:40:01.001000+07:00,34.2,34.1,
2026-02-21 23:45:01.001000+07:00,34.2,33.9,
2026-02-21 23:50:01.001000+07:00,34.0,34.1,
2026-02-21 23:55:01.001000+07:00,33.9,34.0,34.2
2026-02-22 00:00:01.001000+07:00,34.0,34.2,34.2
2026-02-22 00:05:01.001000+07:00,34.1,34.1,33.9
2026-02-22 00:10:01.001000+07:00,33.9,34.2,34.1
2026-02-22 00:15:01.001000+07:00,34.2,34.2,34.0
2026-02-22 00:20:01.001000+07:00,34.2,33.8,34.1
2026-02-22 00:25:01.001000+07:00,34.0,33.9,34.1
2026-02-22 00:30:01.001000+07:00,34.1,33.9,34.0
2026-02-22 00:35:01.001000+07:00,34.1,33.9,33.7
2026-02-22 00:40:01.001000+07:00,34.0,34.0,34.1
2026-02-22 00:45:01.001000+07:00,34.1,34.1,34.1
2026-02-22 00:50:01.001000+07:00,34.0,33.9,34.1
2026-02-22 00:55:02.001000+07:00,34.0,34.1,34.2
2026-02-22 01:00:01.001000+07:00,34.0,34.0,34.2
2026-02-22 01:05:01.001000+07:00,34.0,34.2,33.8
2026-02-22 01:10:01.001000+07:00,34.1,34.2,34.2
2026-02-22 01:15:01.001000+07:00,34.0,34.1,34.2
2026-02-22 01:20:01.001000+07:00,34.1,34.0,34.2
2026-02-22 01:25:02.001000+07:00,34.1,34.1,33.9
2026-02-22 01:30:01.001000+07:00,34.3,34.1,33.8
2026-02-22 01:35:01.001000+07:00,34.3,34.1,33.9
2026-02-22 01:40:01.001000+07:00,34.4,34.1,33.9
2026-02-22 01:45:01.001000+07:00,34.1,34.2,34.1
2026-02-22 01:50:01.001000+07:00,34.2,34.2,34.0
2026-02-22 01:55:01.001000+07:00,34.3,34.3,33.9
2026-02-22 02:00:01.001000+07:00,34.1,34.2,34.0
2026-02-22 02:05:01.001000+07:00,34.0,33.9,33.9
2026-02-22 02:10:01.001000+07:00,34.3,34.2,33.8
2026-02-22 02:15:01.001000+07:00,34.3,34.0,33.9
2026-02-22 02:20:01.001000+07:00,34.3,33.9,34.0
2026-02-22 02:25:01.001000+07:00,34.0,34.3,34.1
2026-02-22 02:30:01.001000+07:00,34.2,34.0,33.9
2026-02-22 02:35:01.001000+07:00,34.1,34.2,33.9
2026-02-22 02:40:01.001000+07:00,34.2,33.9,33.7
2026-02-22 02:45:01.001000+07:00,34.2,34.0,34.0
2026-02-22 02:50:01.001000+07:00,34.0,33.9,33.9
2026-02-22 02:55:01.001000+07:00,34.0,34.2,34.1
2026-02-22 03:00:02.001000+07:00,34.3,34.1,34.1
2026-02-22 03:05:02.001000+07:00,34.0,34.2,34.2
2026-02-22 03:10:01.001000+07:00,34.0,33.9,33.8
2026-02-22 03:15:01.001000+07:00,34.2,33.9,34.1
2026-02-22 03:20:01.001000+07:00,34.3,34.0,34.2
2026-02-22 03:25:01.001000+07:00,34.1,33.9,33.9
2026-02-22 03:30:01.001000+07:00,34.4,34.0,34.1
2026-02-22 03:35:01.001000+07:00,34.3,33.9,34.2
2026-02-22 03:40:01.001000+07:00,34.3,34.2,33.8
2026-02-22 03:45:01.001000+07:00,34.3,33.8,33.9
2026-02-22 03:50:01.001000+07:00,34.1,34.1,33.9
2026-02-22 03:55:01.001000+07:00,34.0,34.1,34.2
2026-02-22 04:00:02.001000+07:00,34.0,34.2,34.0
2026-02-22 04:05:01.001000+07:00,34.3,34.1,34.1
2026-02-22 04:10:01.001000+07:00,34.3,34.0,34.2
2026-02-22 04:15:01.001000+07:00,34.3,34.2,34.2
2026-02-22 04:20:01.001000+07:00,34.1,34.0,34.1
2026-02-22 04:25:01.001000+07:00,34.2,34.1,33.9
2026-02-22 04:30:02.001000+07:00,34.3,34.2,33.9
2026-02-22 04:35:01.001000+07:00,34.3,34.0,34.0
2026-02-22 04:40:01.001000+07:00,34.2,33.8,33.8
2026-02-22 04:45:01.001000+07:00,34.2,34.0,33.8
2026-02-22 04:50:01.001000+07:00,33.9,34.2,34.0
2026-02-22 04:55:01.001000+07:00,34.2,34.2,34.2
2026-02-22 05:00:01.001000+07:00,34.1,34.0,34.2
2026-02-22 05:05:01.001000+07:00,34.3,34.1,34.0
2026-02-22 05:10:01.001000+07:00,34.1,34.1,33.9
2026-02-22 05:15:01.001000+07:00,34.0,34.0,33.8
2026-02-22 05:20:01.001000+07:00,34.3,33.9,34.0
2026-02-22 05:25:01.001000+07:00,34.0,33.9,34.2
2026-02-22 05:30:01.001000+07:00,34.2,34.0,33.9
2026-02-22 05:35:01.001000+07:00,34.0,34.2,34.3
2026-02-22 05:40:01.001000+07:00,34.0,34.0,34.3
2026-02-22 05:45:01.001000+07:00,34.2,34.1,34.3
2026-02-22 05:50:01.001000+07:00,34.3,34.0,33.9
2026-02-22 05:55:01.001000+07:00,34.0,34.1,34.2
2026-02-22 06:00:01.001000+07:00,34.4,34.3,34.3
2026-02-22 06:05:01.001000+07:00,34.2,34.3,33.9
2026-02-22 06:10:01.001000+07:00,34.1,34.0,33.8
2026-02-22 06:15:01.001000+07:00,34.1,34.3,34.0
2026-02-22 06:20:01.001000+07:00,34.2,34.2,34.2
2026-02-22 06:25:01.001000+07:00,34.0,34.0,34.0
2026-02-22 06:30:01.001000+07:00,33.9,34.0,34.3
2026-02-22 06:35:01.001000+07:00,34.3,34.1,34.2
2026-02-22 06:40:01.001000+07:00,34.1,34.2,34.0
2026-02-22 06:45:01.001000+07:00,34.2,34.1,34.0
2026-02-22 06:50:01.001000+07:00,34.3,34.3,34.0
2026-02-22 06:55:01.001000+07:00,34.4,34.0,34.3
2026-02-22 07:00:01.001000+07:00,34.0,34.0,33.9
2026-02-22 07:05:01.001000+07:00,34.1,34.3,34.1
2026-02-22 07:10:01.001000+07:00,34.2,34.2,34.0
2026-02-22 07:15:01.001000+07:00,34.1,34.1,33.8
2026-02-22 07:20:01.001000+07:00,34.2,34.3,34.2
2026-02-22 07:25:01.001000+07:00,34.5,34.1,34.1
2026-02-22 07:30:01.001000+07:00,34.1,34.0,34.0
2026-02-22 07:35:01.001000+07:00,34.0,34.2,34.2
2026-02-22 07:40:01.001000+07:00,34.3,34.3,34.1
2026-02-22 07:45:01.001000+07:00,34.4,34.3,34.3
2026-02-22 07:50:01.001000+07:00,34.1,34.0,34.1
2026-02-22 07:55:01.001000+07:00,34.3,34.3,34.0
2026-02-22 08:00:01.001000+07:00,34.1,34.1,33.9
2026-02-22 08:05:01.001000+07:00,34.3,34.2,33.9
2026-02-22 08:10:01.001000+07:00,34.1,34.2,34.1
2026-02-22 08:15:01.001000+07:00,34.3,34.0,34.0
2026-02-22 08:20:01.001000+07:00,34.2,34.0,34.2
2026-02-22 08:25:01.001000+07:00,34.4,34.0,34.3
2026-02-22 08:30:01.001000+07:00,34.1,34.4,34.0
2026-02-22 08:35:01.001000+07:00,34.4,34.3,34.0
2026-02-22 08:40:01.001000+07:00,34.2,34.3,34.0
2026-02-22 08:45:02.001000+07:00,34.1,34.0,34.4
2026-02-22 08:50:01.001000+07:00,34.5,34.3,34.3
2026-02-22 08:55:01.001000+07:00,34.4,34.1,34.3
2026-02-22 09:00:01.001000+07:00,34.3,33.6,34.1
2026-02-22 09:05:02.001000+07:00,34.4,34.2,34.3
2026-02-22 09:10:01.001000+07:00,34.3,34.3,34.3
2026-02-22 09:15:01.001000+07:00,34.2,34.0,34.2
2026-02-22 09:20:01.001000+07:00,34.6,34.4,34.4
2026-02-22 09:25:01.001000+07:00,34.2,34.5,34.4
2026-02-22 09:30:01.001000+07:00,34.2,34.1,34.3
2026-02-22 09:35:01.001000+07:00,34.5,34.3,34.1
2026-02-22 09:40:01.001000+07:00,34.3,34.1,34.2
2026-02-22 09:45:01.001000+07:00,34.3,34.0,34.1
2026-02-22 09:50:01.001000+07:00,34.5,34.4,34.1
2026-02-22 09:55:01.001000+07:00,34.6,34.1,34.2
2026-02-22 10:00:01.001000+07:00,34.4,34.3,34.5
2026-02-22 10:05:01.001000+07:00,34.3,34.4,34.6
2026-02-22 10:10:02.001000+07:00,34.4,34.2,34.4
2026-02-22 10:15:01.001000+07:00,34.3,34.1,34.0
2026-02-22 10:20:01.001000+07:00,34.5,34.1,34.1
2026-02-22 10:25:01.001000+07:00,34.1,34.1,34.6
2026-02-22 10:30:01.001000+07:00,34.6,34.3,34.7
2026-02-22 10:35:01.001000+07:00,34.4,34.1,34.3
2026-02-22 10:40:01.001000+07:00,34.6,34.0,34.7
2026-02-22 10:45:02.001000+07:00,34.7,34.4,34.2
2026-02-22 10:50:01.001000+07:00,34.6,34.4,34.2
2026-02-22 10:55:01.001000+07:00,34.3,34.2,34.6
2026-02-22 11:00:01.001000+07:00,34.6,34.2,34.7
2026-02-22 11:05:02.001000+07:00,34.3,34.4,34.8
2026-02-22 11:10:01.001000+07:00,34.4,34.2,34.5
2026-02-22 11:15:01.001000+07:00,34.6,34.4,34.7
2026-02-22 11:20:01.001000+07:00,34.6,34.3,34.5
2026-02-22 11:25:01.001000+07:00,34.3,34.4,34.8
2026-02-22 11:30:01.001000+07:00,34.3,34.5,34.7
2026-02-22 11:35:01.001000+07:00,34.6,34.6,34.8
2026-02-22 11:40:01.001000+07:00,34.5,34.2,34.7
2026-02-22 11:45:01.001000+07:00,34.3,34.2,34.5
2026-02-22 11:50:01.001000+07:00,34.3,34.3,34.9
2026-02-22 11:55:01.001000+07:00,34.6,34.4,34.7
2026-02-22 12:00:01.001000+07:00,34.5,34.4,34.6
2026-02-22 12:05:01.001000+07:00,34.2,34.5,34.8
2026-02-22 12:10:01.001000+07:00,34.5,34.6,34.5
2026-02-22 12:15:01.001000+07:00,34.3,34.2,34.8
2026-02-22 12:20:01.001000+07:00,34.4,34.6,34.8
2026-02-22 12:25:01.001000+07:00,34.5,34.3,34.7
2026-02-22 12:30:01.001000+07:00,34.6,34.2,34.5
2026-02-22 12:35:01.001000+07:00,34.3,34.5,34.6
2026-02-22 12:40:01.001000+07:00,34.4,34.6,34.6
2026-02-22 12:45:01.001000+07:00,34.5,34.3,34.7
2026-02-22 12:50:01.001000+07:00,34.7,34.4,34.8
2026-02-22 12:55:01.001000+07:00,34.3,34.4,34.9
2026-02-22 13:00:01.001000+07:00,34.4,34.3,34.9
2026-02-22 13:05:01.001000+07:00,34.4,34.6,34.6
2026-02-22 13:10:01.001000+07:00,34.7,34.6,34.5
2026-02-22 13:15:01.001000+07:00,34.6,34.3,34.6
2026-02-22 13:20:01.001000+07:00,34.6,34.5,34.9
2026-02-22 13:25:01.001000+07:00,34.4,34.4,34.9
2026-02-22 13:30:02.001000+07:00,34.4,34.5,34.6
2026-02-22 13:35:01.001000+07:00,34.5,34.4,34.6
2026-02-22 13:40:01.001000+07:00,34.8,34.6,34.9
2026-02-22 13:45:01.001000+07:00,34.4,34.6,34.9
2026-02-22 13:50:01.001000+07:00,34.4,34.4,34.9
2026-02-22 13:55:01.001000+07:00,34.4,34.6,34.9
2026-02-22 14:00:01.001000+07:00,34.5,34.6,34.9
2026-02-22 14:05:01.001000+07:00,34.5,34.5,34.8
2026-02-22 14:10:01.001000+07:00,34.6,34.4,34.8
2026-02-22 14:15:01.001000+07:00,34.5,34.3,34.9
2026-02-22 14:20:01.001000+07:00,34.6,34.5,34.8
2026-02-22 14:25:01.001000+07:00,34.7,34.5,34.6
2026-02-22 14:30:01.001000+07:00,34.6,34.4,34.8
2026-02-22 14:35:01.001000+07:00,34.6,34.7,34.5
2026-02-22 14:40:01.001000+07:00,34.6,34.5,34.6
2026-02-22 14:45:01.001000+07:00,34.6,34.7,34.9
2026-02-22 14:50:01.001000+07:00,34.6,34.5,34.8
2026-02-22 14:55:01.001000+07:00,34.8,34.6,34.7
2026-02-22 15:00:01.001000+07:00,34.6,34.7,34.8
2026-02-22 15:05:01.001000+07:00,34.8,34.7,34.6
2026-02-22 15:10:01.001000+07:00,34.9,34.4,34.9
2026-02-22 15:15:01.001000+07:00,34.6,34.7,34.8
2026-02-22 15:20:02.001000+07:00,34.6,34.7,34.8
2026-02-22 15:25:01.001000+07:00,34.8,34.4,34.8
2026-02-22 15:30:02.001000+07:00,34.9,34.4,34.9
2026-02-22 15:35:01.001000+07:00,34.8,34.4,34.8
2026-02-22 15:40:01.001000+07:00,34.7,34.5,34.7
2026-02-22 15:45:01.001000+07:00,34.5,34.5,35.0
2026-02-22 15:50:01.001000+07:00,34.9,34.6,35.0
2026-02-22 15:55:01.001000+07:00,34.6,34.7,34.9
2026-02-22 16:00:02.001000+07:00,34.6,34.4,34.7
2026-02-22 16:05:01.001000+07:00,34.8,34.4,35.0
2026-02-22 16:10:01.001000+07:00,34.9,34.7,34.9
2026-02-22 16:15:01.001000+07:00,34.6,34.7,34.9
2026-02-22 16:20:01.001000+07:00,34.7,34.7,34.7
2026-02-22 16:25:01.001000+07:00,34.9,34.6,34.7
2026-02-22 16:30:01.001000+07:00,34.7,34.6,34.8
2026-02-22 16:35:01.001000+07:00,34.6,34.6,34.9
2026-02-22 16:40:01.001000+07:00,34.8,34.5,34.8
2026-02-22 16:45:01.001000+07:00,34.5,34.6,34.9
2026-02-22 16:50:01.001000+07:00,34.8,34.8,35.0
2026-02-22 16:55:01.001000+07:00,34.9,34.8,34.8
2026-02-22 17:00:02.001000+07:00,34.8,34.6,34.7
2026-02-22 17:05:01.001000+07:00,34.8,34.5,35.1
2026-02-22 17:10:01.001000+07:00,35.0,34.5,35.0
2026-02-22 17:15:01.001000+07:00,34.6,34.8,35.1
2026-02-22 17:20:01.001000+07:00,34.8,34.8,35.0
2026-02-22 17:25:01.001000+07:00,34.8,34.9,35.1
2026-02-22 17:30:01.001000+07:00,35.0,34.6,34.9
2026-02-22 17:35:01.001000+07:00,34.8,34.9,34.9
2026-02-22 17:40:01.001000+07:00,34.7,34.8,34.8
2026-02-22 17:45:01.001000+07:00,34.7,34.7,34.9
2026-02-22 17:50:01.001000+07:00,35.0,34.9,35.0
2026-02-22 17:55:01.001000+07:00,34.8,34.9,35.2
2026-02-22 18:00:01.001000+07:00,34.8,34.6,34.8
2026-02-22 18:05:01.001000+07:00,35.0,34.7,34.9
2026-02-22 18:10:01.001000+07:00,34.9,34.9,35.2
2026-02-22 18:15:01.001000+07:00,34.8,34.8,34.8
2026-02-22 18:20:01.001000+07:00,34.8,34.6,35.2
2026-02-22 18:25:01.001000+07:00,35.1,34.6,35.0
2026-02-22 18:30:01.001000+07:00,35.0,34.9,34.8
2026-02-22 18:35:01.001000+07:00,35.0,34.8,34.9
2026-02-22 18:40:01.001000+07:00,35.0,34.7,35.1
2026-02-22 18:45:01.001000+07:00,34.9,34.9,34.9
2026-02-22 18:50:02.001000+07:00,34.9,34.9,34.8
2026-02-22 18:55:01.001000+07:00,34.8,35.0,35.1
2026-02-22 19:00:02.001000+07:00,34.8,34.6,34.8
2026-02-22 19:05:01.001000+07:00,34.8,34.7,34.9
2026-02-22 19:10:01.001000+07:00,35.1,35.0,35.3
2026-02-22 19:15:01.001000+07:00,34.8,35.0,35.0
2026-02-22 19:20:01.001000+07:00,34.9,35.0,35.3
2026-02-22 19:25:02.001000+07:00,34.9,34.8,35.0
2026-02-22 19:30:01.001000+07:00,35.0,34.8,35.1
2026-02-22 19:35:01.001000+07:00,34.9,34.7,35.2
2026-02-22 19:40:01.001000+07:00,35.2,34.7,35.2
2026-02-22 19:45:01.001000+07:00,35.2,35.0,35.0
2026-02-22 19:50:01.001000+07:00,35.0,35.0,34.9
2026-02-22 19:55:01.001000+07:00,35.2,35.0,35.0
2026-02-22 20:00:01.001000+07:00,35.1,34.8,35.2
2026-02-22 20:05:01.001000+07:00,35.2,34.7,35.0
2026-02-22 20:10:01.001000+07:00,35.2,34.7,35.0
2026-02-22 20:15:01.001000+07:00,34.9,35.0,35.0
2026-02-22 20:20:01.001000+07:00,35.1,35.0,35.2
2026-02-22 20:25:01.001000+07:00,34.9,34.9,34.9
2026-02-22 20:30:01.001000+07:00,34.8,35.0,34.9
2026-02-22 20:35:01.001000+07:00,34.8,34.8,35.2
2026-02-22 20:40:01.001000+07:00,35.0,34.8,35.0
2026-02-22 20:45:01.001000+07:00,34.8,34.9,34.9
2026-02-22 20:50:01.001000+07:00,35.0,34.7,35.3
2026-02-22 20:55:01.001000+07:00,34.9,34.9,35.3
2026-02-22 21:00:01.001000+07:00,35.1,34.8,35.1
2026-02-22 21:05:01.001000+07:00,35.2,34.7,35.1
2026-02-22 21:10:01.001000+07:00,35.1,34.9,35.2
2026-02-22 21:15:01.001000+07:00,35.0,34.8,35.2
2026-02-22 21:20:01.001000+07:00,35.1,35.0,34.9
2026-02-22 21:25:01.001000+07:00,35.2,34.7,35.1
2026-02-22 21:30:01.001000+07:00,35.0,35.0,35.2
2026-02-22 21:35:01.001000+07:00,34.9,34.7,35.1
2026-02-22 21:40:01.001000+07:00,35.2,35.3,35.2
2026-02-22 21:45:01.001000+07:00,35.2,35.0,35.3
2026-02-22 21:50:01.001000+07:00,35.2,34.8,35.0
2026-02-22 21:55:01.001000+07:00,35.2,35.1,35.0
2026-02-22 22:00:02.001000+07:00,35.2,34.8,35.0
2026-02-22 22:05:01.001000+07:00,34.9,34.9,35.0
2026-02-22 22:10:01.001000+07:00,35.0,35.0,35.2
2026-02-22 22:15:01.001000+07:00,34.9,34.8,35.2
2026-02-22 22:20:02.001000+07:00,34.9,34.7,35.0
2026-02-22 22:25:01.001000+07:00,35.1,34.8,35.2
2026-02-22 22:30:01.001000+07:00,35.3,35.1,35.4
2026-02-22 22:35:01.001000+07:00,35.3,34.8,35.3
2026-02-22 22:40:01.001000+07:00,34.9,35.1,35.3
2026-02-22 22:45:01.001000+07:00,35.1,34.8,35.3
2026-02-22 22:50:01.001000+07:00,35.1,34.8,35.2
2026-02-22 22:55:01.001000+07:00,34.9,35.1,35.1
2026-02-22 23:00:01.001000+07:00,35.2,34.8,35.1
2026-02-22 23:05:01.001000+07:00,35.0,34.8,35.3
2026-02-22 23:10:01.001000+07:00,34.9,34.8,35.0
2026-02-22 23:15:01.001000+07:00,35.2,35.1,35.1
2026-02-22 23:20:01.001000+07:00,35.3,35.1,35.4
2026-02-22 23:25:01.001000+07:00,35.3,35.1,35.4
2026-02-22 23:30:01.001000+07:00,35.2,35.2,35.3
2026-02-22 23:35:01.001000+07:00,35.0,34.9,35.1
2026-02-22 23:40:01.001000+07:00,35.0,34.9,35.1
2026-02-22 23:45:01.001000+07:00,35.2,35.2,35.3
2026-02-22 23:50:01.001000+07:00,35.1,34.9,35.4
2026-02-22 23:55:02.001000+07:00,35.2,34.9,35.4
